"custo";"valor_custo";"custo fixo";"custo variavel";"pendente";"data pagto";"semana";"data pagamento";"tipo_custo";"dt_pagto_bq";"dt_custo_bq"
"cartão de credito";"3928.07";1;0;0;"01/01/2017";"1ª semana";"01/01/2017";"cartão credito";"2017-01-01";"2017-01-01"
"carrefour";"83.9";0;1;0;"01/01/2017";"1ª semana";"02/01/2017";"mercado";"2017-01-01";"2017-01-02"
"taxa conta corrente";"52.4";1;0;0;"01/01/2017";"1ª semana";"03/01/2017";"banco";"2017-01-01";"2017-01-03"
"int ipva sp hoh6396 1/3";"405.25";0;1;0;"01/01/2017";"1ª semana";"03/01/2017";"carro";"2017-01-01";"2017-01-03"
"suco varanda";"5.9";0;1;0;"01/01/2017";"1ª semana";"03/01/2017";"alimentação";"2017-01-01";"2017-01-03"
"alimand";"6.9";0;1;0;"01/01/2017";"1ª semana";"03/01/2017";"alimentação";"2017-01-01";"2017-01-03"
"dogstation";4;0;1;0;"01/01/2017";"1ª semana";"03/01/2017";"alimentação";"2017-01-01";"2017-01-03"
"quero mais";4;0;1;0;"01/01/2017";"1ª semana";"03/01/2017";"alimentação";"2017-01-01";"2017-01-03"
"sptransp";60;0;1;0;"01/01/2017";"1ª semana";"03/01/2017";"transporte";"2017-01-01";"2017-01-03"
"net";"380.58";1;0;0;"01/01/2017";"1ª semana";"04/01/2017";"moradia";"2017-01-01";"2017-01-04"
"caterine de";6;0;1;0;"01/01/2017";"1ª semana";"04/01/2017";"alimentação";"2017-01-01";"2017-01-04"
"nakata";"3.5";0;1;0;"01/01/2017";"1ª semana";"04/01/2017";"alimentação";"2017-01-01";"2017-01-04"
"luz";"73.91";1;0;0;"01/01/2017";"1ª semana";"06/01/2017";"moradia";"2017-01-01";"2017-01-06"
"estacionamento";200;1;0;0;"01/01/2017";"1ª semana";"08/01/2017";"carro";"2017-01-01";"2017-01-08"
"feira";50;0;1;0;"01/01/2017";"1ª semana";"08/01/2017";"feira";"2017-01-01";"2017-01-08"
"custo total aluguel";"1437.5";1;0;0;"01/01/2017";"2ª semana";"09/01/2017";"moradia";"2017-01-01";"2017-01-09"
"michelle";50;0;1;0;"01/01/2017";"2ª semana";"09/01/2017";"michelle";"2017-01-01";"2017-01-09"
"buro";"2.99";0;1;0;"01/01/2017";"2ª semana";"09/01/2017";"alimentação";"2017-01-01";"2017-01-09"
"SEGURO RESIDENCIA";"45.2";1;0;0;"01/01/2017";"2ª semana";"10/01/2017";"banco";"2017-01-01";"2017-01-10"
"contador";145;1;0;0;"01/01/2017";"2ª semana";"10/01/2017";"contador";"2017-01-01";"2017-01-10"
"sptransp";300;1;0;0;"01/01/2017";"2ª semana";"10/01/2017";"transporte";"2017-01-01";"2017-01-10"
"SEGURO CARTÃO";"5.79";1;0;0;"01/01/2017";"2ª semana";"10/01/2017";"banco";"2017-01-01";"2017-01-10"
"lanche";11;0;1;0;"01/01/2017";"2ª semana";"10/01/2017";"alimentação";"2017-01-01";"2017-01-10"
"suco varanda";4;0;1;0;"01/01/2017";"2ª semana";"10/01/2017";"alimentação";"2017-01-01";"2017-01-10"
"agua";3;0;1;0;"01/01/2017";"2ª semana";"10/01/2017";"alimentação";"2017-01-01";"2017-01-10"
"hot dog / acaraje";16;0;1;0;"01/01/2017";"2ª semana";"11/01/2017";"alimentação";"2017-01-01";"2017-01-11"
"lanche";"7.4";0;1;0;"01/01/2017";"2ª semana";"12/01/2017";"alimentação";"2017-01-01";"2017-01-12"
"agua";3;0;1;0;"01/01/2017";"2ª semana";"13/01/2017";"alimentação";"2017-01-01";"2017-01-13"
"livro";"44.9";0;1;0;"01/01/2017";"2ª semana";"13/01/2017";"compras";"2017-01-01";"2017-01-13"
"instalação de rede na janela";300;0;1;0;"01/01/2017";"2ª semana";"14/01/2017";"moradia";"2017-01-01";"2017-01-14"
"cabelereiro";50;0;1;0;"01/01/2017";"2ª semana";"15/01/2017";"compras";"2017-01-01";"2017-01-15"
"pedagio";20;0;1;0;"01/01/2017";"2ª semana";"15/01/2017";"carro";"2017-01-01";"2017-01-15"
"consorcio";"636.17";1;0;0;"01/01/2017";"3ª semana";"16/01/2017";"investimento";"2017-01-01";"2017-01-16"
"UNICEF";50;1;0;0;"01/01/2017";"3ª semana";"16/01/2017";"doação";"2017-01-01";"2017-01-16"
"feira";106;0;1;0;"01/01/2017";"2ª semana";"16/01/2017";"feira";"2017-01-01";"2017-01-16"
"mc donald";25;0;1;0;"01/01/2017";"3ª semana";"16/01/2017";"alimentação";"2017-01-01";"2017-01-16"
"agua";"2.99";0;1;0;"01/01/2017";"3ª semana";"17/01/2017";"alimentação";"2017-01-01";"2017-01-17"
"lanche hospital";10;0;1;0;"01/01/2017";"3ª semana";"17/01/2017";"alimentação";"2017-01-01";"2017-01-17"
"benção";20;0;1;0;"01/01/2017";"3ª semana";"18/01/2017";"igreja";"2017-01-01";"2017-01-18"
"bolacha metro";5;0;1;0;"01/01/2017";"3ª semana";"18/01/2017";"alimentação";"2017-01-01";"2017-01-18"
"padaria";5;0;1;0;"01/01/2017";"3ª semana";"18/01/2017";"alimentação";"2017-01-01";"2017-01-18"
"suco varanda";"3.5";0;1;0;"01/01/2017";"3ª semana";"19/01/2017";"alimentação";"2017-01-01";"2017-01-19"
"benção";10;0;1;0;"01/01/2017";"3ª semana";"19/01/2017";"igreja";"2017-01-01";"2017-01-19"
"benção";100;0;1;0;"01/01/2017";"3ª semana";"19/01/2017";"igreja";"2017-01-01";"2017-01-19"
"bolacha/agua";"7.79";0;1;0;"01/01/2017";"3ª semana";"19/01/2017";"alimentação";"2017-01-01";"2017-01-19"
"suco dexo";4;0;1;0;"01/01/2017";"3ª semana";"19/01/2017";"alimentação";"2017-01-01";"2017-01-19"
"sorvete";9;0;1;0;"01/01/2017";"3ª semana";"19/01/2017";"alimentação";"2017-01-01";"2017-01-19"
"cabelereiro";30;0;1;0;"01/01/2017";"3ª semana";"20/01/2017";"compras";"2017-01-01";"2017-01-20"
"feira";70;0;1;0;"01/01/2017";"3ª semana";"21/01/2017";"feira";"2017-01-01";"2017-01-21"
"benção";10;0;1;0;"01/01/2017";"3ª semana";"21/01/2017";"igreja";"2017-01-01";"2017-01-21"
"benção";20;0;1;0;"01/01/2017";"3ª semana";"22/01/2017";"igreja";"2017-01-01";"2017-01-22"
"comgas";"32.19";1;0;0;"01/01/2017";"4ª semana";"23/01/2017";"moradia";"2017-01-01";"2017-01-23"
"benção";50;0;1;0;"01/01/2017";"4ª semana";"24/01/2017";"igreja";"2017-01-01";"2017-01-24"
"sorvete";"16.09";0;1;0;"01/01/2017";"4ª semana";"24/01/2017";"alimentação";"2017-01-01";"2017-01-24"
"lanche metro";"14.9";0;1;0;"01/01/2017";"4ª semana";"24/01/2017";"alimentação";"2017-01-01";"2017-01-24"
"cafezinho rua ";"6.2";0;1;0;"01/01/2017";"4ª semana";"24/01/2017";"alimentação";"2017-01-01";"2017-01-24"
"pastel";2;0;1;0;"01/01/2017";"4ª semana";"25/01/2017";"alimentação";"2017-01-01";"2017-01-25"
"agua";6;0;1;0;"01/01/2017";"4ª semana";"23/01/2017";"alimentação";"2017-01-01";"2017-01-23"
"divergencia";40;0;1;0;"01/01/2017";"4ª semana";"26/01/2017";"divergente";"2017-01-01";"2017-01-26"
"almoço";"15.9";0;1;0;"01/01/2017";"4ª semana";"26/01/2017";"alimentação";"2017-01-01";"2017-01-26"
"sorvete";6;0;1;0;"01/01/2017";"4ª semana";"26/01/2017";"alimentação";"2017-01-01";"2017-01-26"
"agua";3;0;1;0;"01/01/2017";"4ª semana";"27/01/2017";"alimentação";"2017-01-01";"2017-01-27"
"suco";"3.5";0;1;0;"01/01/2017";"4ª semana";"27/01/2017";"alimentação";"2017-01-01";"2017-01-27"
"café padaria";7;0;1;0;"01/01/2017";"4ª semana";"27/01/2017";"alimentação";"2017-01-01";"2017-01-27"
"chocolate";"6.5";0;1;0;"01/01/2017";"4ª semana";"27/01/2017";"alimentação";"2017-01-01";"2017-01-27"
"agua";3;0;1;0;"01/01/2017";"5ª semana";"30/01/2017";"alimentação";"2017-01-01";"2017-01-30"
"subway";10;0;1;0;"01/01/2017";"5ª semana";"30/01/2017";"alimentação";"2017-01-01";"2017-01-30"
"feira";76;0;1;0;"01/01/2017";"4ª semana";"29/01/2017";"feira";"2017-01-01";"2017-01-29"
"benção";20;0;1;0;"01/01/2017";"4ª semana";"28/01/2017";"igreja";"2017-01-01";"2017-01-28"
"benção";4;0;1;0;"01/01/2017";"4ª semana";"29/01/2017";"igreja";"2017-01-01";"2017-01-29"
"taxa conta corrente";"52.4";1;0;0;"01/02/2017";"1ª semana";"02/02/2017";"banco";"2017-02-01";"2017-02-02"
"net";0;1;0;1;"01/02/2017";;;"moradia";"2017-02-01";"2017-02-01"
"custo total aluguel";0;1;0;1;"01/02/2017";;;"moradia";"2017-02-01";"2017-02-01"
"luz";"73.09";1;0;0;"01/02/2017";"1ª semana";"02/02/2017";"moradia";"2017-02-01";"2017-02-02"
"SEGURO RESIDENCIA";"45.2";1;0;0;"01/02/2017";"2ª semana";"10/02/2017";"banco";"2017-02-01";"2017-02-10"
"cartão de credito";"4934.81";1;0;0;"01/02/2017";"1ª semana";"02/02/2017";"cartão credito";"2017-02-01";"2017-02-02"
"consorcio";636;1;0;0;"01/02/2017";"2ª semana";"15/02/2017";"investimento";"2017-02-01";"2017-02-15"
"contador";158;1;0;0;"01/02/2017";"2ª semana";"15/02/2017";"contador";"2017-02-01";"2017-02-15"
"sptransp";230;1;0;0;"01/02/2017";"2ª semana";"13/02/2017";"transporte";"2017-02-01";"2017-02-13"
"comgas";"32.03";1;0;0;"01/02/2017";"3ª semana";"17/02/2017";"moradia";"2017-02-01";"2017-02-17"
"SEGURO CARTÃO";"5.79";1;0;0;"01/02/2017";"2ª semana";"15/02/2017";"banco";"2017-02-01";"2017-02-15"
"UNICEF";50;1;0;0;"01/02/2017";"2ª semana";"15/02/2017";"doação";"2017-02-01";"2017-02-15"
"estacionamento";200;0;1;0;"01/02/2017";"1ª semana";"02/02/2017";"carro";"2017-02-01";"2017-02-02"
"int ipva sp hoh6396 2/3";"815.9";0;1;0;"01/02/2017";"2ª semana";"17/02/2017";"carro";"2017-02-01";"2017-02-17"
"agua";3;0;1;0;"01/02/2017";"1ª semana";"01/02/2017";"alimentação";"2017-02-01";"2017-02-01"
"pao de queijo";5;0;1;0;"01/02/2017";"1ª semana";"01/02/2017";"alimentação";"2017-02-01";"2017-02-01"
"alimanda bolacha";"6.5";0;1;0;"01/02/2017";"1ª semana";"01/02/2017";"alimentação";"2017-02-01";"2017-02-01"
"saque";10;0;1;0;"01/02/2017";"1ª semana";"02/02/2017";"saque";"2017-02-01";"2017-02-02"
"milho";5;0;1;0;"01/02/2017";"1ª semana";"04/02/2017";"alimentação";"2017-02-01";"2017-02-04"
"queijo";"3.98";0;1;0;"01/02/2017";"1ª semana";"04/02/2017";"alimentação";"2017-02-01";"2017-02-04"
"perdeu dinheiro";120;0;1;0;"01/02/2017";"1ª semana";"05/02/2017";"compras";"2017-02-01";"2017-02-05"
"feira";80;0;1;0;"01/02/2017";"1ª semana";"05/02/2017";"feira";"2017-02-01";"2017-02-05"
"biblia";60;0;1;0;"01/02/2017";"1ª semana";"05/02/2017";"compras";"2017-02-01";"2017-02-05"
"agua suco";"6.5";0;1;0;"01/02/2017";"2ª semana";"06/02/2017";"alimentação";"2017-02-01";"2017-02-06"
"michelle";0;0;1;1;"01/02/2017";"3ª semana";;"michelle";"2017-02-01";"2017-02-01"
"diferença";30;0;1;0;"01/02/2017";"2ª semana";"12/02/2017";"divergente";"2017-02-01";"2017-02-12"
"vitamina";"12.5";0;1;0;"01/02/2017";"3ª semana";"13/02/2017";"alimentação";"2017-02-01";"2017-02-13"
"cabelereiro";30;0;1;0;"01/02/2017";"2ª semana";"11/02/2017";"compras";"2017-02-01";"2017-02-11"
"feira";70;0;1;0;"01/02/2017";"2ª semana";"12/02/2017";"feira";"2017-02-01";"2017-02-12"
"sonda";"33.37";0;1;0;"01/02/2017";"2ª semana";"12/02/2017";"mercado";"2017-02-01";"2017-02-12"
"brincos";27;0;1;0;"01/02/2017";"3ª semana";"14/02/2017";"compras";"2017-02-01";"2017-02-14"
"suco";5;0;1;0;"01/02/2017";"3ª semana";"14/02/2017";"alimentação";"2017-02-01";"2017-02-14"
"agua";3;0;1;0;"01/02/2017";"3ª semana";"13/02/2017";"alimentação";"2017-02-01";"2017-02-13"
"suco";"3.5";0;1;0;"01/02/2017";"3ª semana";"13/02/2017";"alimentação";"2017-02-01";"2017-02-13"
"deposito na conta";"16.6";0;1;0;"01/02/2017";"3ª semana";"15/02/2017";"banco";"2017-02-01";"2017-02-15"
"sorvete";7;0;1;0;"01/02/2017";"3ª semana";"14/02/2017";"alimentação";"2017-02-01";"2017-02-14"
"diferença";28;0;1;0;"01/02/2017";"3ª semana";"17/02/2017";"divergente";"2017-02-01";"2017-02-17"
"almoço";110;0;1;0;"01/02/2017";"3ª semana";"19/02/2017";"alimentação";"2017-02-01";"2017-02-19"
"farmacia";"109.18";0;1;0;"01/02/2017";"3ª semana";"19/02/2017";"farmacia";"2017-02-01";"2017-02-19"
"farmacia";"24.1";0;1;0;"01/02/2017";"3ª semana";"22/02/2017";"farmacia";"2017-02-01";"2017-02-22"
"café padaria";9;0;1;0;"01/02/2017";"3ª semana";"22/02/2017";"alimentação";"2017-02-01";"2017-02-22"
"suco";4;0;1;0;"01/02/2017";"3ª semana";"23/02/2017";"alimentação";"2017-02-01";"2017-02-23"
"suco";4;0;1;0;"01/02/2017";"3ª semana";"24/02/2017";"alimentação";"2017-02-01";"2017-02-24"
"sunny days";"19.9";0;1;0;"01/02/2017";"3ª semana";"25/02/2017";"compras";"2017-02-01";"2017-02-25"
"posto el sh";10;0;1;0;"01/02/2017";"3ª semana";"25/02/2017";"compras";"2017-02-01";"2017-02-25"
"Extra – suco";"8.96";0;1;0;"01/02/2017";"3ª semana";"25/02/2017";"mercado";"2017-02-01";"2017-02-25"
"mercado produto de limpeza";"123.05";0;1;0;"01/02/2017";"3ª semana";"25/02/2017";"mercado";"2017-02-01";"2017-02-25"
"chuveiro dicico";"49.9";0;1;0;"01/02/2017";"3ª semana";"26/02/2017";"moradia";"2017-02-01";"2017-02-26"
"rede mais";7;0;1;0;"01/02/2017";"4ª semana";"28/02/2017";"compras";"2017-02-01";"2017-02-28"
"Emporio – churrasquinho";20;0;1;0;"01/02/2017";"4ª semana";"28/02/2017";"alimentação";"2017-02-01";"2017-02-28"
"mc donalds";56;0;1;0;"01/02/2017";"4ª semana";"28/02/2017";"alimentação";"2017-02-01";"2017-02-28"
"benção";50;0;1;0;"01/02/2017";"3ª semana";"26/02/2017";"igreja";"2017-02-01";"2017-02-26"
"feira";50;0;1;0;"01/02/2017";"3ª semana";"26/02/2017";"feira";"2017-02-01";"2017-02-26"
"madeiro hamburguer";"51.7";0;1;0;"01/03/2017";"1ª semana";"01/03/2017";"alimentação";"2017-03-01";"2017-03-01"
"taxa conta corrente";"52.4";1;0;0;"01/03/2017";"1ª semana";"02/03/2017";"banco";"2017-03-01";"2017-03-02"
"net";"410.9";1;0;0;"01/03/2017";"2ª semana";"09/03/2017";"moradia";"2017-03-01";"2017-03-09"
"custo total aluguel";"1465.49";1;0;0;"01/03/2017";"3ª semana";"15/03/2017";"moradia";"2017-03-01";"2017-03-15"
"luz";"68.09";1;0;0;"01/03/2017";"2ª semana";"09/03/2017";"moradia";"2017-03-01";"2017-03-09"
"SEGURO RESIDENCIA";"45.2";1;0;0;"01/03/2017";"2ª semana";"10/03/2017";"banco";"2017-03-01";"2017-03-10"
"cartão de credito";2000;1;0;0;"01/03/2017";"3ª semana";"17/03/2017";"cartão credito";"2017-03-01";"2017-03-17"
"consorcio";"661.74";1;0;0;"01/03/2017";"3ª semana";"15/03/2017";"investimento";"2017-03-01";"2017-03-15"
"contador";"209.4";1;0;0;"01/03/2017";"3ª semana";"15/03/2017";"contador";"2017-03-01";"2017-03-15"
"sptransp - TBI 0349.11000-7";230;1;0;0;"01/03/2017";"3ª semana";"13/03/2017";"transporte";"2017-03-01";"2017-03-13"
"comgas";"31.32";1;0;0;"01/03/2017";"4ª semana";"27/03/2017";"moradia";"2017-03-01";"2017-03-27"
"SEGURO CARTÃO";"5.79";1;0;0;"01/03/2017";"2ª semana";"10/03/2017";"banco";"2017-03-01";"2017-03-10"
"UNICEF";50;1;0;0;"01/03/2017";"3ª semana";"15/03/2017";"doação";"2017-03-01";"2017-03-15"
"estacionamento";200;0;1;0;"01/03/2017";"1ª semana";"04/03/2017";"carro";"2017-03-01";"2017-03-04"
"suco";4;0;1;0;"01/03/2017";"1ª semana";"02/03/2017";"alimentação";"2017-03-01";"2017-03-02"
"doc/ted";"8.95";0;1;0;"01/03/2017";"1ª semana";"01/03/2017";"banco";"2017-03-01";"2017-03-01"
"iof";"1.27";0;1;0;"01/03/2017";"1ª semana";"01/03/2017";"banco";"2017-03-01";"2017-03-01"
"suco";4;0;1;0;"01/03/2017";"1ª semana";"03/03/2017";"alimentação";"2017-03-01";"2017-03-03"
"lis/juros";"9.08";0;1;0;"01/03/2017";"1ª semana";"06/03/2017";"banco";"2017-03-01";"2017-03-06"
"cabelereiro";50;0;1;0;"01/03/2017";"1ª semana";"04/03/2017";"compras";"2017-03-01";"2017-03-04"
"padaria";"31.63";0;1;0;"01/03/2017";"2ª semana";"07/03/2017";"padaria";"2017-03-01";"2017-03-07"
"deposito - passeio rio mae igreja";50;0;1;0;"01/03/2017";"2ª semana";"07/03/2017";"igreja";"2017-03-01";"2017-03-07"
"suco";8;0;1;0;"01/03/2017";"2ª semana";"07/03/2017";"alimentação";"2017-03-01";"2017-03-07"
"starbucks";"15.4";0;1;0;"01/03/2017";"2ª semana";"07/03/2017";"alimentação";"2017-03-01";"2017-03-07"
"lanche";21;0;1;0;"01/03/2017";"2ª semana";"08/03/2017";"alimentação";"2017-03-01";"2017-03-08"
"mc donalds";22;0;1;0;"01/03/2017";"2ª semana";"08/03/2017";"alimentação";"2017-03-01";"2017-03-08"
"frutas rua";8;0;1;0;"01/03/2017";"2ª semana";"09/03/2017";"alimentação";"2017-03-01";"2017-03-09"
"agua";3;0;1;0;"01/03/2017";"2ª semana";"08/03/2017";"alimentação";"2017-03-01";"2017-03-08"
"padaria";"20.97";0;1;0;"01/03/2017";"2ª semana";"10/03/2017";"padaria";"2017-03-01";"2017-03-10"
"padaria";"5.6";0;1;0;"01/03/2017";"2ª semana";"10/03/2017";"padaria";"2017-03-01";"2017-03-10"
"agua";3;0;1;0;"01/03/2017";"2ª semana";"10/03/2017";"alimentação";"2017-03-01";"2017-03-10"
"pizzaria";"34.9";0;1;0;"01/03/2017";"2ª semana";"10/03/2017";"compras";"2017-03-01";"2017-03-10"
"padaria";"7.61";0;1;0;"01/03/2017";"2ª semana";"11/03/2017";"padaria";"2017-03-01";"2017-03-11"
"mercado";"6.89";0;1;0;"01/03/2017";"2ª semana";"11/03/2017";"mercado";"2017-03-01";"2017-03-11"
"emprestimo rafael";60;0;1;0;"01/03/2017";"2ª semana";"11/03/2017";"compras";"2017-03-01";"2017-03-11"
"bolacha";"4.1";0;1;0;"01/03/2017";"2ª semana";"09/03/2017";"alimentação";"2017-03-01";"2017-03-09"
"chaveiro";7;0;1;0;"01/03/2017";"2ª semana";"09/03/2017";"compras";"2017-03-01";"2017-03-09"
"suco";4;0;1;0;"01/03/2017";"2ª semana";"09/03/2017";"alimentação";"2017-03-01";"2017-03-09"
"mercado";"218.93";0;1;0;"01/03/2017";"3ª semana";"13/03/2017";"mercado";"2017-03-01";"2017-03-13"
"padaria";"7.61";0;1;0;"01/03/2017";"3ª semana";"13/03/2017";"padaria";"2017-03-01";"2017-03-13"
"padaria";"7.98";0;1;0;"01/03/2017";"3ª semana";"13/03/2017";"padaria";"2017-03-01";"2017-03-13"
"agua";3;0;1;0;"01/03/2017";"3ª semana";"13/03/2017";"alimentação";"2017-03-01";"2017-03-13"
"gasolina";"80.73";0;1;0;"01/03/2017";"3ª semana";"13/03/2017";"carro";"2017-03-01";"2017-03-13"
"mercado";"6.89";0;1;0;"01/03/2017";"3ª semana";"14/03/2017";"mercado";"2017-03-01";"2017-03-14"
"michelle";100;0;1;0;"01/03/2017";"3ª semana";"14/03/2017";"compras";"2017-03-01";"2017-03-14"
"mercado";"37.71";0;1;0;"01/03/2017";"3ª semana";"15/03/2017";"mercado";"2017-03-01";"2017-03-15"
"suco";7;0;1;0;"01/03/2017";"3ª semana";"15/03/2017";"alimentação";"2017-03-01";"2017-03-15"
"dentista";250;0;1;0;"01/03/2017";"3ª semana";"16/03/2017";"compras";"2017-03-01";"2017-03-16"
"michelle";50;0;1;0;"01/03/2017";"3ª semana";"16/03/2017";"compras";"2017-03-01";"2017-03-16"
"cofe rua";"11.2";0;1;0;"01/03/2017";"3ª semana";"16/03/2017";"alimentação";"2017-03-01";"2017-03-16"
"feira";38;0;1;0;"01/03/2017";"3ª semana";"19/03/2017";"feira";"2017-03-01";"2017-03-19"
"padaria";"23.1";0;1;0;"01/03/2017";"4ª semana";"20/03/2017";"padaria";"2017-03-01";"2017-03-20"
"gasolina";80;0;1;0;"01/03/2017";"4ª semana";"20/03/2017";"carro";"2017-03-01";"2017-03-20"
"rotisserie";70;0;1;0;"01/03/2017";"4ª semana";"20/03/2017";"alimentação";"2017-03-01";"2017-03-20"
"padaria";"47.8";0;1;0;"01/03/2017";"4ª semana";"20/03/2017";"padaria";"2017-03-01";"2017-03-20"
"androinha semanal";"131.67";0;1;0;"01/03/2017";"4ª semana";"21/03/2017";"mercado";"2017-03-01";"2017-03-21"
"padaria";"5.26";0;1;0;"01/03/2017";"4ª semana";"21/03/2017";"padaria";"2017-03-01";"2017-03-21"
"agua";3;0;1;0;"01/03/2017";"4ª semana";"21/03/2017";"alimentação";"2017-03-01";"2017-03-21"
"agua";"2.8";0;1;0;"01/03/2017";"4ª semana";"21/03/2017";"alimentação";"2017-03-01";"2017-03-21"
"farmacia";"25.16";0;1;0;"01/03/2017";"4ª semana";"21/03/2017";"farmacia";"2017-03-01";"2017-03-21"
"estacionamento";5;0;1;0;"01/03/2017";"4ª semana";"23/03/2017";"estacionamento";"2017-03-01";"2017-03-23"
"almoço celeiro fazenda";"58.3";0;1;0;"01/03/2017";"4ª semana";"23/03/2017";"alimentação";"2017-03-01";"2017-03-23"
"agua / panetone";"19.98";0;1;0;"01/03/2017";"4ª semana";"24/03/2017";"alimentação";"2017-03-01";"2017-03-24"
"lojas americanas / chocolate";"8.88";0;1;0;"01/03/2017";"4ª semana";"24/03/2017";"alimentação";"2017-03-01";"2017-03-24"
"suco";4;0;1;0;"01/03/2017";"4ª semana";"24/03/2017";"alimentação";"2017-03-01";"2017-03-24"
"padaria arizona";"9.53";0;1;0;"01/03/2017";"4ª semana";"25/03/2017";"padaria";"2017-03-01";"2017-03-25"
"gasolina";80;0;1;0;"01/03/2017";"4ª semana";"25/03/2017";"carro";"2017-03-01";"2017-03-25"
"farmacia / gillete depila";9;0;1;0;"01/03/2017";"4ª semana";"25/03/2017";"farmacia";"2017-03-01";"2017-03-25"
"cabelereiro";30;0;1;0;"01/03/2017";"4ª semana";"25/03/2017";"compras";"2017-03-01";"2017-03-25"
"empretimo caio";50;0;1;0;"01/03/2017";"4ª semana";"25/03/2017";"compras";"2017-03-01";"2017-03-25"
"feira";35;0;1;0;"01/03/2017";"4ª semana";"26/03/2017";"feira";"2017-03-01";"2017-03-26"
"salgado igreja";20;0;1;0;"01/03/2017";"4ª semana";"25/03/2017";"alimentação";"2017-03-01";"2017-03-25"
"mc donalds";10;0;1;0;"01/03/2017";"4ª semana";"25/03/2017";"alimentação";"2017-03-01";"2017-03-25"
"sorvete";"21.25";0;1;0;"01/03/2017";"4ª semana";"25/03/2017";"alimentação";"2017-03-01";"2017-03-25"
"arizona";"28.22";0;1;0;"01/03/2017";"4ª semana";"26/03/2017";"padaria";"2017-03-01";"2017-03-26"
"andorinha semanal";"146.93";0;1;0;"01/03/2017";"4ª semana";"26/03/2017";"mercado";"2017-03-01";"2017-03-26"
"sonda mistura";"21.29";0;1;0;"01/03/2017";"4ª semana";"26/03/2017";"mercado";"2017-03-01";"2017-03-26"
"divergencia";"2.72";0;1;0;"01/03/2017";"4ª semana";"26/03/2017";"divergente";"2017-03-01";"2017-03-26"
"suco";3;0;1;0;"01/03/2017";"5ª semana";"27/03/2017";"alimentação";"2017-03-01";"2017-03-27"
"lanche";7;0;1;0;"01/03/2017";"5ª semana";"27/03/2017";"alimentação";"2017-03-01";"2017-03-27"
"agua";3;0;1;0;"01/03/2017";"5ª semana";"26/03/2017";"alimentação";"2017-03-01";"2017-03-26"
"mc donalds";8;0;1;0;"01/03/2017";"5ª semana";"27/03/2017";"alimentação";"2017-03-01";"2017-03-27"
"sorvete wendys";5;0;1;0;"01/03/2017";"5ª semana";"27/03/2017";"alimentação";"2017-03-01";"2017-03-27"
"carrefour";"45.71";0;1;0;"01/03/2017";"5ª semana";"28/03/2017";"mercado";"2017-03-01";"2017-03-28"
"gasolina";50;0;1;0;"01/03/2017";"5ª semana";"30/03/2017";"carro";"2017-03-01";"2017-03-30"
"michelle";100;0;1;0;"01/03/2017";"5ª semana";"30/03/2017";"compras";"2017-03-01";"2017-03-30"
"remedio";"74.32";0;1;0;"01/03/2017";"5ª semana";"31/03/2017";"farmacia";"2017-03-01";"2017-03-31"
"fralda";84;0;1;0;"01/03/2017";"5ª semana";"31/03/2017";"farmacia";"2017-03-01";"2017-03-31"
"café metro";2;0;1;0;"01/03/2017";"5ª semana";"31/03/2017";"alimentação";"2017-03-01";"2017-03-31"
"taxa conta corrente";"54.95";1;0;0;"01/04/2017";"1ª semana";"04/04/2017";"banco";"2017-04-01";"2017-04-04"
"net";"384.89";1;0;0;"01/04/2017";"2ª semana";"11/04/2017";"moradia";"2017-04-01";"2017-04-11"
"custo total aluguel";"1485.41";1;0;0;"01/04/2017";"2ª semana";"11/04/2017";"moradia";"2017-04-01";"2017-04-11"
"luz";"85.76";1;0;0;"01/04/2017";"2ª semana";"11/04/2017";"moradia";"2017-04-01";"2017-04-11"
"SEGURO RESIDENCIA";"45.2";1;0;0;"01/04/2017";"3ª semana";"19/04/2017";"banco";"2017-04-01";"2017-04-19"
"cartão de credito";"410.1";1;0;0;"01/04/2017";"2ª semana";"11/04/2017";"cartão credito";"2017-04-01";"2017-04-11"
"consorcio";"648.94";1;0;0;"01/04/2017";"2ª semana";"17/04/2017";"investimento";"2017-04-01";"2017-04-17"
"contador";158;1;0;0;"01/04/2017";"2ª semana";"13/04/2017";"contador";"2017-04-01";"2017-04-13"
"sptransp";0;1;0;1;"01/04/2017";;;"transporte";"2017-04-01";"2017-04-01"
"comgas";0;1;0;1;"01/04/2017";;;"moradia";"2017-04-01";"2017-04-01"
"SEGURO CARTÃO";"6.03";1;0;0;"01/04/2017";"2ª semana";"10/04/2017";"banco";"2017-04-01";"2017-04-10"
"UNICEF";50;1;0;0;"01/04/2017";"2ª semana";"17/04/2017";"doação";"2017-04-01";"2017-04-17"
"estacionamento";250;0;1;0;"01/04/2017";"1ª semana";"02/04/2017";"carro";"2017-04-01";"2017-04-02"
"cartao proto seguro - seguro do carro";"470.66";0;1;0;"01/04/2017";"2ª semana";"13/04/2017";"carro";"2017-04-01";"2017-04-13"
"roupa pra samuel";300;0;1;0;"01/04/2017";"1ª semana";"03/04/2017";"compras";"2017-04-01";"2017-04-03"
"agua";2;0;1;0;"01/04/2017";"1ª semana";"03/04/2017";"alimentação";"2017-04-01";"2017-04-03"
"cafezinho rua ";4;0;1;0;"01/04/2017";"1ª semana";"03/04/2017";"alimentação";"2017-04-01";"2017-04-03"
"mercado car";"11.8";0;1;0;"01/04/2017";"1ª semana";"01/04/2017";"carro";"2017-04-01";"2017-04-01"
"peixaria mercado tucuruvi";"32.3";0;1;0;"01/04/2017";"1ª semana";"01/04/2017";"alimentação";"2017-04-01";"2017-04-01"
"gasolina";"152.24";0;1;0;"01/04/2017";"1ª semana";"01/04/2017";"carro";"2017-04-01";"2017-04-01"
"iof juros";"3.12";0;1;0;"01/04/2017";"1ª semana";"03/04/2017";"banco";"2017-04-01";"2017-04-03"
"benção";40;0;1;0;"01/04/2017";"1ª semana";"04/04/2017";"igreja";"2017-04-01";"2017-04-04"
"lis/juros";"21.42";0;1;0;"01/04/2017";"1ª semana";"05/04/2017";"banco";"2017-04-01";"2017-04-05"
"kroki";"4.9";0;1;0;"01/04/2017";"1ª semana";"05/04/2017";"alimentação";"2017-04-01";"2017-04-05"
"açai";"11.5";0;1;0;"01/04/2017";"1ª semana";"05/04/2017";"alimentação";"2017-04-01";"2017-04-05"
"sorvete";18;0;1;0;"01/04/2017";"1ª semana";"06/04/2017";"alimentação";"2017-04-01";"2017-04-06"
"benção";50;0;1;0;"01/04/2017";"1ª semana";"06/04/2017";"alimentação";"2017-04-01";"2017-04-06"
"agua";"3.49";0;1;0;"01/04/2017";"1ª semana";"07/04/2017";"alimentação";"2017-04-01";"2017-04-07"
"almoço";"68.66";0;1;0;"01/04/2017";"1ª semana";"07/04/2017";"alimentação";"2017-04-01";"2017-04-07"
"ferro presente casamento";"64.88";0;1;0;"01/04/2017";"1ª semana";"07/04/2017";"compras";"2017-04-01";"2017-04-07"
"farmacia";"10.99";0;1;0;"01/04/2017";"1ª semana";"08/04/2017";"farmacia";"2017-04-01";"2017-04-08"
"rede mais";7;0;1;0;"01/04/2017";"1ª semana";"08/04/2017";"compras";"2017-04-01";"2017-04-08"
"perfume";"55.9";0;1;0;"01/04/2017";"1ª semana";"08/04/2017";"compras";"2017-04-01";"2017-04-08"
"chinelo";"39.9";0;1;0;"01/04/2017";"1ª semana";"08/04/2017";"compras";"2017-04-01";"2017-04-08"
"maquiagem";44;0;1;0;"01/04/2017";"1ª semana";"08/04/2017";"compras";"2017-04-01";"2017-04-08"
"cabelereiro";60;0;1;0;"01/04/2017";"1ª semana";"08/04/2017";"compras";"2017-04-01";"2017-04-08"
"extra suco";"5.19";0;1;0;"01/04/2017";"1ª semana";"08/04/2017";"mercado";"2017-04-01";"2017-04-08"
"almoço";12;0;1;0;"01/04/2017";"1ª semana";"08/04/2017";"alimentação";"2017-04-01";"2017-04-08"
"posto gasolina";52;0;1;0;"01/04/2017";"1ª semana";"08/04/2017";"carro";"2017-04-01";"2017-04-08"
"feira";50;0;1;0;"01/04/2017";"1ª semana";"09/04/2017";"feira";"2017-04-01";"2017-04-09"
"almoço";30;0;1;0;"01/04/2017";"1ª semana";"09/04/2017";"alimentação";"2017-04-01";"2017-04-09"
"posto gasolina";50;0;1;0;"01/04/2017";"1ª semana";"09/04/2017";"carro";"2017-04-01";"2017-04-09"
"padaria";"5.6";0;1;0;"01/04/2017";"1ª semana";"09/04/2017";"padaria";"2017-04-01";"2017-04-09"
"mercado carrefour";"80.93";0;1;0;"01/04/2017";"2ª semana";"10/04/2017";"padaria";"2017-04-01";"2017-04-10"
"magazine luiza - bebe conforto";500;0;1;0;"01/04/2017";"2ª semana";"11/04/2017";"compras";"2017-04-01";"2017-04-11"
"gasolina viagem";0;0;1;1;"01/04/2017";;;"compras";"2017-04-01";"2017-04-01"
"pedagio viagem";0;0;1;1;"01/04/2017";;;"compras";"2017-04-01";"2017-04-01"
"outros";0;0;1;1;"01/04/2017";;;"compras";"2017-04-01";"2017-04-01"
"imobiliaria";0;0;1;1;"01/04/2017";;;"moradia";"2017-04-01";"2017-04-01"
"adriana";250;0;1;0;"01/04/2017";"4ª semana";"24/04/2017";"compras";"2017-04-01";"2017-04-24"
"mercado";"50.15";0;1;0;"01/04/2017";"2ª semana";"13/04/2017";"compras";"2017-04-01";"2017-04-13"
"gasolina";169;0;1;0;"01/04/2017";"2ª semana";"13/04/2017";"compras";"2017-04-01";"2017-04-13"
"perfumaria";"54.79";0;1;0;"01/04/2017";"2ª semana";"13/04/2017";"compras";"2017-04-01";"2017-04-13"
"mundo das v";"12.9";0;1;0;"01/04/2017";"2ª semana";"13/04/2017";"compras";"2017-04-01";"2017-04-13"
"pernanbucanas presentes";"97.94";0;1;0;"01/04/2017";"2ª semana";"13/04/2017";"compras";"2017-04-01";"2017-04-13"
"mercado";"76.87";0;1;0;"01/04/2017";"2ª semana";"15/04/2017";"compras";"2017-04-01";"2017-04-15"
"pousada perto guanami";130;0;1;0;"01/04/2017";"2ª semana";"14/04/2017";"compras";"2017-04-01";"2017-04-14"
"almoço";"51.7";0;1;0;"01/04/2017";"2ª semana";"14/04/2017";"compras";"2017-04-01";"2017-04-14"
"café da manha";17;0;1;0;"01/04/2017";"2ª semana";"15/04/2017";"compras";"2017-04-01";"2017-04-15"
"padaria max";"12.74";0;1;0;"01/04/2017";"2ª semana";"15/04/2017";"compras";"2017-04-01";"2017-04-15"
"panilar";"21.99";0;1;0;"01/04/2017";"2ª semana";"15/04/2017";"compras";"2017-04-01";"2017-04-15"
"gasolina";158;0;1;0;"01/04/2017";"2ª semana";"14/04/2017";"compras";"2017-04-01";"2017-04-14"
"gasolina";141;0;1;0;"01/04/2017";"2ª semana";"14/04/2017";"compras";"2017-04-01";"2017-04-14"
"gasolina";"121.31";0;1;0;"01/04/2017";"2ª semana";"15/04/2017";"compras";"2017-04-01";"2017-04-15"
"graal";"24.42";0;1;0;"01/04/2017";"2ª semana";"14/04/2017";"compras";"2017-04-01";"2017-04-14"
"graal";"13.2";0;1;0;"01/04/2017";"2ª semana";"14/04/2017";"compras";"2017-04-01";"2017-04-14"
"saque";300;0;1;0;"01/04/2017";"3ª semana";"18/04/2017";"compras";"2017-04-01";"2017-04-18"
"mercado";100;0;1;0;"01/04/2017";"3ª semana";"18/04/2017";"compras";"2017-04-01";"2017-04-18"
"feira";100;0;1;0;"01/04/2017";"3ª semana";"18/04/2017";"compras";"2017-04-01";"2017-04-18"
"queijo / requeijao / carne de bode";150;0;1;0;"01/04/2017";"4ª semana";"25/04/2017";"compras";"2017-04-01";"2017-04-25"
"saque";150;0;1;0;"01/04/2017";"4ª semana";"25/04/2017";"compras";"2017-04-01";"2017-04-25"
"saque";300;0;1;0;"01/04/2017";"2ª semana";"12/04/2017";"compras";"2017-04-01";"2017-04-12"
"pedagio viagem";"41.8";0;1;0;"01/04/2017";"4ª semana";"27/04/2017";"compras";"2017-04-01";"2017-04-27"
"arizona";"18.44";0;1;0;"01/04/2017";"2ª semana";"12/04/2017";"padaria";"2017-04-01";"2017-04-12"
"almoço bahia";55;0;1;0;"01/04/2017";"4ª semana";"24/04/2017";"compras";"2017-04-01";"2017-04-24"
"minilar";"61.66";0;1;0;"01/04/2017";"4ª semana";"24/04/2017";"compras";"2017-04-01";"2017-04-24"
"minilar";"31.44";0;1;0;"01/04/2017";"4ª semana";"24/04/2017";"compras";"2017-04-01";"2017-04-24"
"minilar";"49.99";0;1;0;"01/04/2017";"4ª semana";"24/04/2017";"compras";"2017-04-01";"2017-04-24"
"gasolina";"163.98";0;1;0;"01/04/2017";"4ª semana";"24/04/2017";"compras";"2017-04-01";"2017-04-24"
"agua";10;0;1;0;"01/04/2017";"4ª semana";"24/04/2017";"compras";"2017-04-01";"2017-04-24"
"padaria";56;0;1;0;"01/04/2017";"4ª semana";"25/04/2017";"compras";"2017-04-01";"2017-04-25"
"gasolina";160;0;1;0;"01/04/2017";"4ª semana";"25/04/2017";"compras";"2017-04-01";"2017-04-25"
"restaurante";36;0;1;0;"01/04/2017";"4ª semana";"27/04/2017";"compras";"2017-04-01";"2017-04-27"
"gasolina";"92.44";0;1;0;"01/04/2017";"4ª semana";"27/04/2017";"compras";"2017-04-01";"2017-04-27"
"gasolina";"170.02";0;1;0;"01/04/2017";"4ª semana";"27/04/2017";"compras";"2017-04-01";"2017-04-27"
"gasolina";"154.09";0;1;0;"01/04/2017";"4ª semana";"27/04/2017";"compras";"2017-04-01";"2017-04-27"
"lanche";35;0;1;0;"01/04/2017";"4ª semana";"27/04/2017";"compras";"2017-04-01";"2017-04-27"
"almoço";53;0;1;0;"01/04/2017";"4ª semana";"28/04/2017";"alimentação";"2017-04-01";"2017-04-28"
"almoco";38;0;1;0;"01/04/2017";"4ª semana";"29/04/2017";"alimentação";"2017-04-01";"2017-04-29"
"cabelereiro";50;0;1;0;"01/04/2017";"4ª semana";"29/04/2017";"compras";"2017-04-01";"2017-04-29"
"benção";50;0;1;0;"01/04/2017";"4ª semana";"30/04/2017";"igreja";"2017-04-01";"2017-04-30"
"gasolina";50;0;1;0;"01/04/2017";"4ª semana";"30/04/2017";"carro";"2017-04-01";"2017-04-30"
"benção";"23.5";0;1;0;"01/04/2017";"4ª semana";"29/04/2017";"igreja";"2017-04-01";"2017-04-29"
"mercado";"47.98";0;1;0;"01/04/2017";"4ª semana";"30/04/2017";"mercado";"2017-04-01";"2017-04-30"
"viagem";57;0;1;0;"01/04/2017";"4ª semana";"25/04/2017";"compras";"2017-04-01";"2017-04-25"
"mercado";"94.5";0;1;0;"01/04/2017";"4ª semana";"28/04/2017";"mercado";"2017-04-01";"2017-04-28"
"almoço";40;0;1;0;"01/05/2017";"1ª semana";"01/05/2017";"alimentação";"2017-05-01";"2017-05-01"
"sptransp";300;1;0;0;"01/05/2017";"1ª semana";"02/05/2017";"transporte";"2017-05-01";"2017-05-02"
"gasolina";50;0;1;0;"01/05/2017";"1ª semana";"02/05/2017";"carro";"2017-05-01";"2017-05-02"
"mercado";"47.98";0;1;0;"01/05/2017";"1ª semana";"02/05/2017";"mercado";"2017-05-01";"2017-05-02"
"taxa conta corrente";"54.95";1;0;0;"01/05/2017";"1ª semana";"03/05/2017";"banco";"2017-05-01";"2017-05-03"
"luz";"55.94";1;0;0;"01/05/2017";"1ª semana";"03/05/2017";"moradia";"2017-05-01";"2017-05-03"
"comgas";"36.28";1;0;0;"01/05/2017";"1ª semana";"03/05/2017";"moradia";"2017-05-01";"2017-05-03"
"estacionamento";190;0;1;0;"01/05/2017";"1ª semana";"03/05/2017";"carro";"2017-05-01";"2017-05-03"
"sorvete";12;0;1;0;"01/05/2017";"1ª semana";"03/05/2017";"alimentação";"2017-05-01";"2017-05-03"
"café";5;0;1;0;"01/05/2017";"1ª semana";"04/05/2017";"alimentação";"2017-05-01";"2017-05-04"
"sorvete";13;0;1;0;"01/05/2017";"1ª semana";"04/05/2017";"alimentação";"2017-05-01";"2017-05-04"
"agua";4;0;1;0;"01/05/2017";"1ª semana";"05/05/2017";"alimentação";"2017-05-01";"2017-05-05"
"escova de dente";"9.9";0;1;0;"01/05/2017";"1ª semana";"05/05/2017";"farmacia";"2017-05-01";"2017-05-05"
"almoço";"35.64";0;1;0;"01/05/2017";"1ª semana";"05/05/2017";"alimentação";"2017-05-01";"2017-05-05"
"padaria arizona";"16.01";0;1;0;"01/05/2017";"1ª semana";"06/05/2017";"padaria";"2017-05-01";"2017-05-06"
"gasolina";50;0;1;0;"01/05/2017";"1ª semana";"06/05/2017";"carro";"2017-05-01";"2017-05-06"
"lavagem de carro";35;0;1;0;"01/05/2017";"1ª semana";"06/05/2017";"carro";"2017-05-01";"2017-05-06"
"mercado";"101.74";0;1;0;"01/05/2017";"1ª semana";"06/05/2017";"mercado";"2017-05-01";"2017-05-06"
"pizzaria";"39.98";0;1;0;"01/05/2017";"1ª semana";"06/05/2017";"compras";"2017-05-01";"2017-05-06"
"mercado";"179.56";0;1;0;"01/05/2017";"1ª semana";"07/05/2017";"mercado";"2017-05-01";"2017-05-07"
"agua bolacha";"8.47";0;1;0;"01/05/2017";"1ª semana";"08/05/2017";"alimentação";"2017-05-01";"2017-05-08"
"mc donalds";8;0;1;0;"01/05/2017";"1ª semana";"08/05/2017";"alimentação";"2017-05-01";"2017-05-08"
"lojas americanas";"36.86";0;1;0;"01/05/2017";"2ª semana";"08/05/2017";"compras";"2017-05-01";"2017-05-08"
"net";"378.74";1;0;0;"01/05/2017";"1ª semana";"08/05/2017";"moradia";"2017-05-01";"2017-05-08"
"suco";5;0;1;0;"01/05/2017";"2ª semana";"09/05/2017";"alimentação";"2017-05-01";"2017-05-09"
"fralda / lenco umed";"124.12";0;1;0;"01/05/2017";"2ª semana";"09/05/2017";"farmacia";"2017-05-01";"2017-05-09"
"suco padaria";8;0;1;0;"01/05/2017";"2ª semana";"09/05/2017";"alimentação";"2017-05-01";"2017-05-09"
"SEGURO RESIDENCIA";"45.2";1;0;0;"01/05/2017";"2ª semana";"10/05/2017";"banco";"2017-05-01";"2017-05-10"
"SEGURO CARTÃO";"6.03";1;0;0;"01/05/2017";"2ª semana";"10/05/2017";"banco";"2017-05-01";"2017-05-10"
"michelle";500;0;1;0;"01/05/2017";"2ª semana";"10/05/2017";"compras";"2017-05-01";"2017-05-10"
"agua";3;0;1;0;"01/05/2017";"2ª semana";"10/05/2017";"alimentação";"2017-05-01";"2017-05-10"
"gasolina";"171.52";0;1;0;"01/05/2017";"3ª semana";"11/05/2017";"carro";"2017-05-01";"2017-05-11"
"vitamina / bolacha";"10.79";0;1;0;"01/05/2017";"3ª semana";"11/05/2017";"alimentação";"2017-05-01";"2017-05-11"
"mercado";"36.66";0;1;0;"01/05/2017";"3ª semana";"12/05/2017";"mercado";"2017-05-01";"2017-05-12"
"roupa michelle";110;0;1;0;"01/05/2017";"3ª semana";"12/05/2017";"compras";"2017-05-01";"2017-05-12"
"perfurmaria";"46.6";0;1;0;"01/05/2017";"3ª semana";"12/05/2017";"compras";"2017-05-01";"2017-05-12"
"unha";80;0;1;0;"01/05/2017";"3ª semana";"12/05/2017";"compras";"2017-05-01";"2017-05-12"
"almoço";"75.85";0;1;0;"01/05/2017";"3ª semana";"13/05/2017";"alimentação";"2017-05-01";"2017-05-13"
"cabelereiro";50;0;1;0;"01/05/2017";"3ª semana";"13/05/2017";"compras";"2017-05-01";"2017-05-13"
"boi mil";"444.2";0;1;0;"01/05/2017";"3ª semana";"14/05/2017";"compras";"2017-05-01";"2017-05-14"
"consorcio";"648.94";1;0;0;"01/05/2017";"3ª semana";"15/05/2017";"investimento";"2017-05-01";"2017-05-15"
"custo total aluguel";"1491.32";1;0;0;"01/05/2017";"3ª semana";"15/05/2017";"moradia";"2017-05-01";"2017-05-15"
"cartão de credito";"2079.77";1;0;0;"01/05/2017";"3ª semana";"15/05/2017";"cartão credito";"2017-05-01";"2017-05-15"
"contador";158;1;0;0;"01/05/2017";"3ª semana";"15/05/2017";"contador";"2017-05-01";"2017-05-15"
"UNICEF";50;1;0;0;"01/05/2017";"3ª semana";"15/05/2017";"doação";"2017-05-01";"2017-05-15"
"cartao proto seguro - seguro do carro";"470.66";1;0;0;"01/05/2017";"3ª semana";"15/05/2017";"carro";"2017-05-01";"2017-05-15"
"padaria";17;0;1;0;"01/05/2017";"3ª semana";"15/05/2017";"padaria";"2017-05-01";"2017-05-15"
"habibs";"2.97";0;1;0;"01/05/2017";"3ª semana";"15/05/2017";"alimentação";"2017-05-01";"2017-05-15"
"emprestimo pago 500";500;0;1;0;"01/05/2017";"3ª semana";"15/05/2017";"emprestimo";"2017-05-01";"2017-05-15"
"treviolo";28;0;1;0;"01/05/2017";"3ª semana";"15/05/2017";"alimentação";"2017-05-01";"2017-05-15"
"agua / chocolate";"5.99";0;1;0;"01/05/2017";"3ª semana";"16/05/2017";"alimentação";"2017-05-01";"2017-05-16"
"mc donalds";8;0;1;0;"01/05/2017";"3ª semana";"16/05/2017";"alimentação";"2017-05-01";"2017-05-16"
"dentista";250;1;0;0;"01/05/2017";"3ª semana";"16/05/2017";"compras";"2017-05-01";"2017-05-16"
"alimentacao";"18.98";0;1;0;"01/05/2017";"3ª semana";"17/05/2017";"alimentação";"2017-05-01";"2017-05-17"
"alimentacao";8;0;1;0;"01/05/2017";"3ª semana";"17/05/2017";"alimentação";"2017-05-01";"2017-05-17"
"presente michelle";"189.8";0;1;0;"01/05/2017";"3ª semana";"18/05/2017";"compras";"2017-05-01";"2017-05-18"
"burger king";"29.9";0;1;0;"01/05/2017";"3ª semana";"19/05/2017";"alimentação";"2017-05-01";"2017-05-19"
"agua";4;0;1;0;"01/05/2017";"3ª semana";"19/05/2017";"alimentação";"2017-05-01";"2017-05-19"
"arizona";"22.51";0;1;0;"01/05/2017";"3ª semana";"20/05/2017";"padaria";"2017-05-01";"2017-05-20"
"sorvete";"3.9";0;1;0;"01/05/2017";"3ª semana";"20/05/2017";"alimentação";"2017-05-01";"2017-05-20"
"arizona";"22.72";0;1;0;"01/05/2017";"3ª semana";"21/05/2017";"padaria";"2017-05-01";"2017-05-21"
"drogaria";"17.38";0;1;0;"01/05/2017";"3ª semana";"21/05/2017";"farmacia";"2017-05-01";"2017-05-21"
"estacionamento";33;0;1;0;"01/05/2017";"3ª semana";"21/05/2017";"carro";"2017-05-01";"2017-05-21"
"lanchonete";"11.2";0;1;0;"01/05/2017";"3ª semana";"21/05/2017";"alimentação";"2017-05-01";"2017-05-21"
"mercado";"76.81";0;1;0;"01/05/2017";"3ª semana";"21/05/2017";"mercado";"2017-05-01";"2017-05-21"
"cabelereiro";30;0;1;0;"01/05/2017";"4ª semana";"22/05/2017";"compras";"2017-05-01";"2017-05-22"
"encontro casal";15;0;1;0;"01/05/2017";"4ª semana";"22/05/2017";"compras";"2017-05-01";"2017-05-22"
"benção";5;0;1;0;"01/05/2017";"4ª semana";"22/05/2017";"igreja";"2017-05-01";"2017-05-22"
"lanchonete";39;0;1;0;"01/05/2017";"4ª semana";"22/05/2017";"alimentação";"2017-05-01";"2017-05-22"
"suco";5;0;1;0;"01/05/2017";"4ª semana";"22/05/2017";"alimentação";"2017-05-01";"2017-05-22"
"choclate";10;0;1;0;"01/05/2017";"4ª semana";"22/05/2017";"alimentação";"2017-05-01";"2017-05-22"
"café";5;0;1;0;"01/05/2017";"4ª semana";"23/05/2017";"alimentação";"2017-05-01";"2017-05-23"
"estacionamento";25;0;1;0;"01/05/2017";"4ª semana";"23/05/2017";"carro";"2017-05-01";"2017-05-23"
"suco";4;0;1;0;"01/05/2017";"4ª semana";"23/05/2017";"alimentação";"2017-05-01";"2017-05-23"
"farmacia";"41.41";0;1;0;"01/05/2017";"4ª semana";"23/05/2017";"farmacia";"2017-05-01";"2017-05-23"
"agua";"2.99";0;1;0;"01/05/2017";"4ª semana";"24/05/2017";"alimentação";"2017-05-01";"2017-05-24"
"suco";4;0;1;0;"01/05/2017";"4ª semana";"24/05/2017";"alimentação";"2017-05-01";"2017-05-24"
"lanchocnete";4;0;1;0;"01/05/2017";"4ª semana";"24/05/2017";"alimentação";"2017-05-01";"2017-05-24"
"mc donalds";16;0;1;0;"01/05/2017";"4ª semana";"24/05/2017";"alimentação";"2017-05-01";"2017-05-24"
"farofa / pimenta";"12.85";0;1;0;"01/05/2017";"4ª semana";"24/05/2017";"alimentação";"2017-05-01";"2017-05-24"
"lanche";10;0;1;0;"01/05/2017";"4ª semana";"24/05/2017";"alimentação";"2017-05-01";"2017-05-24"
"comgas";"21.41";1;0;0;"01/05/2017";"4ª semana";"25/05/2017";"moradia";"2017-05-01";"2017-05-25"
"danilo";30;0;1;0;"01/05/2017";"4ª semana";"25/05/2017";"compras";"2017-05-01";"2017-05-25"
"benção";5;0;1;0;"01/05/2017";"4ª semana";"25/05/2017";"igreja";"2017-05-01";"2017-05-25"
"padaria";"14.8";0;1;0;"01/05/2017";"4ª semana";"27/05/2017";"padaria";"2017-05-01";"2017-05-27"
"padaria";"16.77";0;1;0;"01/05/2017";"4ª semana";"28/05/2017";"padaria";"2017-05-01";"2017-05-28"
"padaria";"29.37";0;1;0;"01/05/2017";"4ª semana";"28/05/2017";"padaria";"2017-05-01";"2017-05-28"
"feira";50;0;1;0;"01/05/2017";"4ª semana";"28/05/2017";"feira";"2017-05-01";"2017-05-28"
"lanche";4;0;1;0;"01/05/2017";"5ª semana";"29/05/2017";"alimentação";"2017-05-01";"2017-05-29"
"chocolate";9;0;1;0;"01/05/2017";"5ª semana";"29/05/2017";"alimentação";"2017-05-01";"2017-05-29"
"agua";8;0;1;0;"01/05/2017";"5ª semana";"29/05/2017";"alimentação";"2017-05-01";"2017-05-29"
"lanche";"7.73";0;1;0;"01/05/2017";"5ª semana";"29/05/2017";"alimentação";"2017-05-01";"2017-05-29"
"cbmmg - contador";"130.06";1;0;0;"01/05/2017";"5ª semana";"30/05/2017";"contador";"2017-05-01";"2017-05-30"
"café";"8.5";0;1;0;"01/05/2017";"5ª semana";"30/05/2017";"alimentação";"2017-05-01";"2017-05-30"
"metro nakata doces";"8.25";0;1;0;"01/05/2017";"5ª semana";"30/05/2017";"alimentação";"2017-05-01";"2017-05-30"
"sonda";"12.54";0;1;0;"01/05/2017";"5ª semana";"30/05/2017";"mercado";"2017-05-01";"2017-05-30"
"divergente";"153.16";1;0;0;"01/05/2017";"5ª semana";"30/05/2017";"divergente";"2017-05-01";"2017-05-30"
"taxa conta corrente";"68.95";1;0;0;"01/06/2017";"1ª semana";"02/06/2017";"banco";"2017-06-01";"2017-06-02"
"net";"376.29";1;0;0;"01/06/2017";"2ª semana";"08/06/2017";"moradia";"2017-06-01";"2017-06-08"
"luz";"142.99";1;0;0;"01/06/2017";"3ª semana";"12/06/2017";"moradia";"2017-06-01";"2017-06-12"
"SEGURO RESIDENCIA";"45.13";1;0;0;"01/06/2017";"3ª semana";"12/06/2017";"banco";"2017-06-01";"2017-06-12"
"cartão de credito";"3490.07";1;0;0;"01/06/2017";"3ª semana";"15/06/2017";"cartão credito";"2017-06-01";"2017-06-15"
"consorcio";"668.42";1;0;0;"01/06/2017";"3ª semana";"16/06/2017";"investimento";"2017-06-01";"2017-06-16"
"contador";158;1;0;0;"01/06/2017";"4ª semana";"19/06/2017";"contador";"2017-06-01";"2017-06-19"
"sptransp";300;1;0;0;"01/06/2017";"1ª semana";"02/06/2017";"transporte";"2017-06-01";"2017-06-02"
"comgas";"46.27";1;0;0;"01/06/2017";"4ª semana";"21/06/2017";"moradia";"2017-06-01";"2017-06-21"
"SEGURO CARTÃO";"6.03";1;0;0;"01/06/2017";"3ª semana";"12/06/2017";"banco";"2017-06-01";"2017-06-12"
"UNICEF";50;1;0;0;"01/06/2017";"3ª semana";"16/06/2017";"doação";"2017-06-01";"2017-06-16"
"estacionamento";220;1;0;0;"01/06/2017";"1ª semana";"03/06/2017";"carro";"2017-06-01";"2017-06-03"
"dentista";250;1;0;0;"01/06/2017";"4ª semana";"19/06/2017";"compras";"2017-06-01";"2017-06-19"
"cartao proto seguro - seguro do carro";0;0;1;0;"01/06/2017";"3ª semana";"15/06/2017";"carro";"2017-06-01";"2017-06-15"
"agua";3;0;1;0;"01/06/2017";"1ª semana";"01/06/2017";"alimentação";"2017-06-01";"2017-06-01"
"suco";4;0;1;0;"01/06/2017";"1ª semana";"01/06/2017";"alimentação";"2017-06-01";"2017-06-01"
"almoço";15;0;1;0;"01/06/2017";"1ª semana";"02/06/2017";"alimentação";"2017-06-01";"2017-06-02"
"estacionamento";10;0;1;0;"01/06/2017";"1ª semana";"03/06/2017";"carro";"2017-06-01";"2017-06-03"
"gatorate - escolinha são paulo";6;0;1;0;"01/06/2017";"1ª semana";"03/06/2017";"alimentação";"2017-06-01";"2017-06-03"
"mercado";"29.14";0;1;0;"01/06/2017";"1ª semana";"03/06/2017";"mercado";"2017-06-01";"2017-06-03"
"mercado";"38.95";0;1;0;"01/06/2017";"1ª semana";"03/06/2017";"mercado";"2017-06-01";"2017-06-03"
"bolo / agua";"11.98";0;1;0;"01/06/2017";"2ª semana";"08/06/2017";"alimentação";"2017-06-01";"2017-06-08"
"lanche";"17.5";0;1;0;"01/06/2017";"2ª semana";"08/06/2017";"alimentação";"2017-06-01";"2017-06-08"
"bella ataliba";"17.64";0;1;0;"01/06/2017";"2ª semana";"08/06/2017";"alimentação";"2017-06-01";"2017-06-08"
"café da manha";"11.67";0;1;0;"01/06/2017";"2ª semana";"08/06/2017";"alimentação";"2017-06-01";"2017-06-08"
"cabelereiro";50;0;1;0;"01/06/2017";"2ª semana";"10/06/2017";"cabelereiro";"2017-06-01";"2017-06-10"
"michelle";400;0;1;0;"01/06/2017";"2ª semana";"04/06/2017";"compras";"2017-06-01";"2017-06-04"
"feira";50;0;1;0;"01/06/2017";"2ª semana";"04/06/2017";"feira";"2017-06-01";"2017-06-04"
"feira";20;0;1;0;"01/06/2017";"2ª semana";"08/06/2017";"feira";"2017-06-01";"2017-06-08"
"feira";50;0;1;0;"01/06/2017";"2ª semana";"11/06/2017";"feira";"2017-06-01";"2017-06-11"
"benção";10;0;1;0;"01/06/2017";"2ª semana";"11/06/2017";"igreja";"2017-06-01";"2017-06-11"
"estacionamento";20;0;1;0;"01/06/2017";"2ª semana";"11/06/2017";"carro";"2017-06-01";"2017-06-11"
"pipoca / lanche";20;0;1;0;"01/06/2017";"2ª semana";"11/06/2017";"alimentação";"2017-06-01";"2017-06-11"
"padaria";30;0;1;0;"01/06/2017";"2ª semana";"10/06/2017";"padaria";"2017-06-01";"2017-06-10"
"queijo";20;0;1;0;"01/06/2017";"3ª semana";"13/06/2017";"alimentação";"2017-06-01";"2017-06-13"
"chocolate";9;0;1;0;"01/06/2017";"3ª semana";"12/06/2017";"alimentação";"2017-06-01";"2017-06-12"
"padaria";30;0;1;0;"01/06/2017";"2ª semana";"12/06/2017";"padaria";"2017-06-01";"2017-06-12"
"padaria";"21.55";0;1;0;"01/06/2017";"2ª semana";"12/06/2017";"padaria";"2017-06-01";"2017-06-12"
"mercado";"103.52";0;1;0;"01/06/2017";"2ª semana";"12/06/2017";"padaria";"2017-06-01";"2017-06-12"
"mercado";20;0;1;0;"01/06/2017";"2ª semana";"12/06/2017";"padaria";"2017-06-01";"2017-06-12"
"la floresta";"14.78";0;1;0;"01/06/2017";"2ª semana";"12/06/2017";"padaria";"2017-06-01";"2017-06-12"
"promofarma";"34.89";0;1;0;"01/06/2017";"3ª semana";"12/06/2017";"padaria";"2017-06-01";"2017-06-12"
"correios multas";50;0;1;0;"01/06/2017";"3ª semana";"14/06/2017";"correios";"2017-06-01";"2017-06-14"
"agua / bolacha";5;0;1;0;"01/06/2017";"3ª semana";"14/06/2017";"alimentação";"2017-06-01";"2017-06-14"
"bolo / agua";10;0;1;0;"01/06/2017";"3ª semana";"14/06/2017";"alimentação";"2017-06-01";"2017-06-14"
"SURARA";8;0;1;0;"01/06/2017";"3ª semana";"14/06/2017";"alimentação";"2017-06-01";"2017-06-14"
"arizona";"28.83";0;1;0;"01/06/2017";"3ª semana";"14/06/2017";"padaria";"2017-06-01";"2017-06-14"
"agua";"3.88";0;1;0;"01/06/2017";"4ª semana";"19/06/2017";"alimentação";"2017-06-01";"2017-06-19"
"carregador celular";50;0;1;0;"01/06/2017";"4ª semana";"20/06/2017";"celular";"2017-06-01";"2017-06-20"
"papelaria";32;0;1;0;"01/06/2017";"4ª semana";"20/06/2017";"compras";"2017-06-01";"2017-06-20"
"presente michelle";80;0;1;0;"01/06/2017";"4ª semana";"20/06/2017";"compras";"2017-06-01";"2017-06-20"
"cartao de memoria";30;0;1;0;"01/06/2017";"4ª semana";"21/06/2017";"compras";"2017-06-01";"2017-06-21"
"sorvete";15;0;1;0;"01/06/2017";"4ª semana";"22/06/2017";"alimentação";"2017-06-01";"2017-06-22"
"feira";15;0;1;0;"01/06/2017";"4ª semana";"24/06/2017";"feira";"2017-06-01";"2017-06-24"
"agua";3;0;1;0;"01/06/2017";"4ª semana";"26/06/2017";"alimentação";"2017-06-01";"2017-06-26"
"doce";5;0;1;0;"01/06/2017";"4ª semana";"27/06/2017";"alimentação";"2017-06-01";"2017-06-27"
"café";3;0;1;0;"01/06/2017";"4ª semana";"28/05/2017";"alimentação";"2017-06-01";"2017-05-28"
"benção";20;0;1;0;"01/06/2017";"4ª semana";"29/06/2017";"igreja";"2017-06-01";"2017-06-29"
"suco";4;0;1;0;"01/06/2017";"4ª semana";"29/06/2017";"alimentação";"2017-06-01";"2017-06-29"
"suco";4;0;1;0;"01/06/2017";"4ª semana";"30/06/2017";"alimentação";"2017-06-01";"2017-06-30"
"padaria";"36.61";0;1;0;"01/06/2017";"4ª semana";"30/06/2017";"padaria";"2017-06-01";"2017-06-30"
"gasolina";50;0;1;0;"01/06/2017";"4ª semana";"30/06/2017";"carro";"2017-06-01";"2017-06-30"
"taxa conta corrente";"68.95";1;0;0;"01/07/2017";"1ª semana";"04/07/2017";"banco";"2017-07-01";"2017-07-04"
"luz";"132.77";1;0;0;"01/07/2017";"2ª semana";"10/07/2017";"moradia";"2017-07-01";"2017-07-10"
"net";"382.73";1;0;0;"01/07/2017";"2ª semana";"10/07/2017";"moradia";"2017-07-01";"2017-07-10"
"contador";158;1;0;0;"01/07/2017";"2ª semana";"14/07/2017";"contador";"2017-07-01";"2017-07-14"
"sptransp";300;1;0;0;"01/07/2017";"1ª semana";"03/07/2017";"transporte";"2017-07-01";"2017-07-03"
"comgas";"61.53";1;0;0;"01/07/2017";"2ª semana";"14/07/2017";"moradia";"2017-07-01";"2017-07-14"
"SEGURO CARTÃO";"6.03";1;0;0;"01/07/2017";"2ª semana";"10/07/2017";"banco";"2017-07-01";"2017-07-10"
"UNICEF";50;1;0;0;"01/07/2017";"2ª semana";"17/07/2017";"doação";"2017-07-01";"2017-07-17"
"cartão de credito";"4557.26";1;0;0;"01/07/2017";"2ª semana";"14/07/2017";"cartão credito";"2017-07-01";"2017-07-14"
"consorcio";"658.67";1;0;0;"01/07/2017";"2ª semana";"17/07/2017";"investimento";"2017-07-01";"2017-07-17"
"estacionamento";210;0;1;0;"01/07/2017";"1ª semana";"09/07/2017";"carro";"2017-07-01";"2017-07-09"
"dentista";250;1;0;0;"01/07/2017";"3ª semana";"19/07/2017";"compras";"2017-07-01";"2017-07-19"
"deposito";2700;0;1;0;"01/07/2017";"1ª semana";"06/07/2017";"deposito";"2017-07-01";"2017-07-06"
"cabelereiro";30;0;1;0;"01/07/2017";"1ª semana";"01/07/2017";"cabelereiro";"2017-07-01";"2017-07-01"
"estacionamento";10;0;1;0;"01/07/2017";"1ª semana";"01/07/2017";"carro";"2017-07-01";"2017-07-01"
"mercado";"25.45";0;1;0;"01/07/2017";"1ª semana";"01/07/2017";"mercado";"2017-07-01";"2017-07-01"
"benção - teatro";100;0;1;0;"01/07/2017";"1ª semana";"03/07/2017";"igreja";"2017-07-01";"2017-07-03"
"almoço";35;0;1;0;"01/07/2017";"1ª semana";"02/07/2017";"alimentação";"2017-07-01";"2017-07-02"
"padaria";"21.22";0;1;0;"01/07/2017";"1ª semana";"02/07/2017";"padaria";"2017-07-01";"2017-07-02"
"agua";3;0;1;0;"01/07/2017";"1ª semana";"03/07/2017";"alimentação";"2017-07-01";"2017-07-03"
"gasolina";50;0;1;0;"01/07/2017";"1ª semana";"02/07/2017";"carro";"2017-07-01";"2017-07-02"
"iof";"1.92";0;1;0;"01/07/2017";"1ª semana";"03/07/2017";"banco";"2017-07-01";"2017-07-03"
"mercado";"25.45";0;1;0;"01/07/2017";"1ª semana";"02/07/2017";"mercado";"2017-07-01";"2017-07-02"
"lis/juros";"19.68";1;0;0;"01/07/2017";"1ª semana";"05/07/2017";"banco";"2017-07-01";"2017-07-05"
"salgado";5;0;1;0;"01/07/2017";"1ª semana";"05/07/2017";"alimentação";"2017-07-01";"2017-07-05"
"suco";4;0;1;0;"01/07/2017";"1ª semana";"05/07/2017";"alimentação";"2017-07-01";"2017-07-05"
"bolo gceu";"4.99";0;1;0;"01/07/2017";"1ª semana";"03/07/2017";"alimentação";"2017-07-01";"2017-07-03"
"esfiha";"4.9";0;1;0;"01/07/2017";"1ª semana";"03/07/2017";"alimentação";"2017-07-01";"2017-07-03"
"benção - teatro";100;0;1;0;"01/07/2017";"1ª semana";"06/07/2017";"igreja";"2017-07-01";"2017-07-06"
"copia documento aluguel";28;0;1;0;"01/07/2017";"1ª semana";"06/07/2017";"moradia";"2017-07-01";"2017-07-06"
"agua";3;0;1;0;"01/07/2017";"1ª semana";"06/07/2017";"alimentação";"2017-07-01";"2017-07-06"
"gasolina";50;0;1;0;"01/07/2017";"1ª semana";"07/07/2017";"carro";"2017-07-01";"2017-07-07"
"celular";30;0;1;0;"01/07/2017";"1ª semana";"08/07/2017";"celular";"2017-07-01";"2017-07-08"
"agua";"4.5";0;1;0;"01/07/2017";"1ª semana";"08/07/2017";"alimentação";"2017-07-01";"2017-07-08"
"suxhi restaurante";"186.4";0;1;0;"01/07/2017";"1ª semana";"08/07/2017";"compras";"2017-07-01";"2017-07-08"
"esfiha";"26.8";0;1;0;"01/07/2017";"1ª semana";"07/07/2017";"alimentação";"2017-07-01";"2017-07-07"
"mercadinho";"12.15";0;1;0;"01/07/2017";"1ª semana";"08/07/2017";"mercado";"2017-07-01";"2017-07-08"
"dicico chuveiro";"96.29";0;1;0;"01/07/2017";"1ª semana";"08/07/2017";"compras";"2017-07-01";"2017-07-08"
"farmacia / fralda";"45.5";0;1;0;"01/07/2017";"1ª semana";"08/07/2017";"farmacia";"2017-07-01";"2017-07-08"
"suco";4;0;1;0;"01/07/2017";"2ª semana";"10/07/2017";"alimentação";"2017-07-01";"2017-07-10"
"gasolina";50;0;1;0;"01/07/2017";"1ª semana";"08/07/2017";"carro";"2017-07-01";"2017-07-08"
"café";3;0;1;0;"01/07/2017";"2ª semana";"10/07/2017";"alimentação";"2017-07-01";"2017-07-10"
"chocolate";"5.5";0;1;0;"01/07/2017";"2ª semana";"10/07/2017";"alimentação";"2017-07-01";"2017-07-10"
"salgadinho - teatro";"12.5";0;1;0;"01/07/2017";"1ª semana";"08/07/2017";"alimentação";"2017-07-01";"2017-07-08"
"sorvete - ELECTRONINOVE COMER ";3;0;1;0;"01/07/2017";"1ª semana";"08/07/2017";"alimentação";"2017-07-01";"2017-07-08"
"agua - teatro";3;0;1;0;"01/07/2017";"1ª semana";"08/07/2017";"alimentação";"2017-07-01";"2017-07-08"
"pao";"2.73";0;1;0;"01/07/2017";"1ª semana";"08/07/2017";"padaria";"2017-07-01";"2017-07-08"
"farmacia / pomada";"8.31";0;1;0;"01/07/2017";"1ª semana";"09/07/2017";"farmacia";"2017-07-01";"2017-07-09"
"salgadinho";"2.5";0;1;0;"01/07/2017";"2ª semana";"11/07/2017";"alimentação";"2017-07-01";"2017-07-11"
"salgadinho";3;0;1;0;"01/07/2017";"2ª semana";"11/07/2017";"alimentação";"2017-07-01";"2017-07-11"
"sorvete";"7.9";0;1;0;"01/07/2017";"2ª semana";"11/07/2017";"alimentação";"2017-07-01";"2017-07-11"
"agua";3;0;1;0;"01/07/2017";"2ª semana";"12/07/2017";"alimentação";"2017-07-01";"2017-07-12"
"bolo e iogurte";"12.39";0;1;0;"01/07/2017";"2ª semana";"12/07/2017";"compras";"2017-07-01";"2017-07-12"
"sorvete";"6.9";0;1;0;"01/07/2017";"2ª semana";"13/07/2017";"alimentação";"2017-07-01";"2017-07-13"
"bolo";"6.75";0;1;0;"01/07/2017";"2ª semana";"14/07/2017";"compras";"2017-07-01";"2017-07-14"
"gasolina";50;0;1;0;"01/07/2017";"2ª semana";"15/07/2017";"carro";"2017-07-01";"2017-07-15"
"padaria";"15.43";0;1;0;"01/07/2017";"2ª semana";"15/07/2017";"padaria";"2017-07-01";"2017-07-15"
"celular";20;0;1;0;"01/07/2017";"2ª semana";"15/07/2017";"celular";"2017-07-01";"2017-07-15"
"almoço";"21.8";0;1;0;"01/07/2017";"2ª semana";"15/07/2017";"compras";"2017-07-01";"2017-07-15"
"almoço";"30.9";0;1;0;"01/07/2017";"2ª semana";"15/07/2017";"compras";"2017-07-01";"2017-07-15"
"parque";"37.5";0;1;0;"01/07/2017";"2ª semana";"15/07/2017";"compras";"2017-07-01";"2017-07-15"
"parque";6;0;1;0;"01/07/2017";"2ª semana";"15/07/2017";"compras";"2017-07-01";"2017-07-15"
"estacionamento";"16.4";0;1;0;"01/07/2017";"2ª semana";"15/07/2017";"carro";"2017-07-01";"2017-07-15"
"ELECTRONMR & JJ HOR       ";"6.55";0;1;0;"01/07/2017";"2ª semana";"16/07/2017";"alimentação";"2017-07-01";"2017-07-16"
"mercado";"29.41";0;1;0;"01/07/2017";"2ª semana";"16/07/2017";"mercado";"2017-07-01";"2017-07-16"
"gasolina";50;0;1;0;"01/07/2017";"2ª semana";"16/07/2017";"carro";"2017-07-01";"2017-07-16"
"mercado";"3.24";0;1;0;"01/07/2017";"3ª semana";"17/07/2017";"mercado";"2017-07-01";"2017-07-17"
"droga raia";"6.48";0;1;0;"01/07/2017";"3ª semana";"17/07/2017";"farmacia";"2017-07-01";"2017-07-17"
"lanche";"5.78";0;1;0;"01/07/2017";"3ª semana";"18/07/2017";"alimentação";"2017-07-01";"2017-07-18"
"bolacha";"5.07";0;1;0;"01/07/2017";"3ª semana";"18/07/2017";"alimentação";"2017-07-01";"2017-07-18"
"agua";"2.99";0;1;0;"01/07/2017";"3ª semana";"19/07/2017";"alimentação";"2017-07-01";"2017-07-19"
"mc donalds";8;0;1;0;"01/07/2017";"3ª semana";"19/07/2017";"alimentação";"2017-07-01";"2017-07-19"
"salgados";"7.4";0;1;0;"01/07/2017";"3ª semana";"19/07/2017";"alimentação";"2017-07-01";"2017-07-19"
"agua";3;0;1;0;"01/07/2017";"3ª semana";"19/07/2017";"alimentação";"2017-07-01";"2017-07-19"
"lanche";5;0;1;0;"01/07/2017";"3ª semana";"19/07/2017";"alimentação";"2017-07-01";"2017-07-19"
"lanche";4;0;1;0;"01/07/2017";"3ª semana";"21/07/2017";"alimentação";"2017-07-01";"2017-07-21"
"lanche";7;0;1;0;"01/07/2017";"3ª semana";"21/07/2017";"alimentação";"2017-07-01";"2017-07-21"
"credito celular";15;0;1;0;"01/07/2017";"3ª semana";"24/07/2017";"celular";"2017-07-01";"2017-07-24"
"lanche";"4.69";0;1;0;"01/07/2017";"3ª semana";"24/07/2017";"alimentação";"2017-07-01";"2017-07-24"
"café";"2.95";0;1;0;"01/07/2017";"3ª semana";"24/07/2017";"alimentação";"2017-07-01";"2017-07-24"
"café";9;0;1;0;"01/07/2017";"3ª semana";"24/07/2017";"alimentação";"2017-07-01";"2017-07-24"
"gasolina";50;0;1;0;"01/07/2017";"3ª semana";"24/07/2017";"carro";"2017-07-01";"2017-07-24"
"mercado";"30.33";0;1;0;"01/07/2017";"3ª semana";"24/07/2017";"mercado";"2017-07-01";"2017-07-24"
"padaria";"6.2";0;1;0;"01/07/2017";"3ª semana";"24/07/2017";"padaria";"2017-07-01";"2017-07-24"
"lanche";"9.19";0;1;0;"01/07/2017";"4ª semana";"25/07/2017";"alimentação";"2017-07-01";"2017-07-25"
"mercado";"130.8";0;1;0;"01/07/2017";"4ª semana";"26/07/2017";"mercado";"2017-07-01";"2017-07-26"
"pastel feira";4;0;1;0;"01/07/2017";"4ª semana";"26/07/2017";"alimentação";"2017-07-01";"2017-07-26"
"divergente";"4.84";0;1;0;"01/07/2017";"4ª semana";"26/07/2017";"divergente";"2017-07-01";"2017-07-26"
"sorvete";5;0;1;0;"01/07/2017";"4ª semana";"27/07/2017";"alimentação";"2017-07-01";"2017-07-27"
"GURADIAO";20;0;1;0;"01/07/2017";"4ª semana";"27/07/2017";"alimentação";"2017-07-01";"2017-07-27"
"minuto pao";"2.19";0;1;0;"01/07/2017";"4ª semana";"27/07/2017";"alimentação";"2017-07-01";"2017-07-27"
"ragazzo";"7.76";0;1;0;"01/07/2017";"4ª semana";"27/07/2017";"alimentação";"2017-07-01";"2017-07-27"
"lanche";"4.8";0;1;0;"01/07/2017";"4ª semana";"27/07/2017";"alimentação";"2017-07-01";"2017-07-27"
"gasolina";"28.13";0;1;0;"01/07/2017";"4ª semana";"28/07/2017";"carro";"2017-07-01";"2017-07-28"
"almoço francgo assado";48;0;1;0;"01/07/2017";"4ª semana";"31/07/2017";"alimentação";"2017-07-01";"2017-07-31"
"centro de p";"17.9";0;1;0;"01/07/2017";"4ª semana";"31/07/2017";"alimentação";"2017-07-01";"2017-07-31"
"meias samuel";2;0;1;0;"01/07/2017";"4ª semana";"31/07/2017";"compras";"2017-07-01";"2017-07-31"
"lanche";10;0;1;0;"01/07/2017";"4ª semana";"31/07/2017";"alimentação";"2017-07-01";"2017-07-31"
"lanche";20;0;1;0;"01/07/2017";"4ª semana";"31/07/2017";"alimentação";"2017-07-01";"2017-07-31"
"mercado";"8.8";0;1;0;"01/07/2017";"4ª semana";"31/07/2017";"mercado";"2017-07-01";"2017-07-31"
"mercado";"6.2";0;1;0;"01/07/2017";"4ª semana";"31/07/2017";"mercado";"2017-07-01";"2017-07-31"
"tolezano";"29.54";0;1;0;"01/07/2017";"4ª semana";"31/07/2017";"alimentação";"2017-07-01";"2017-07-31"
"dpvat 2017";"68.1";1;0;0;"01/07/2017";"4ª semana";"31/07/2017";"carro";"2017-07-01";"2017-07-31"
"dpvat 2016";"105.65";1;0;0;"01/07/2017";"4ª semana";"31/07/2017";"carro";"2017-07-01";"2017-07-31"
"licenciamento 2017/2016";"193.04";1;0;0;"01/07/2017";"4ª semana";"31/07/2017";"carro";"2017-07-01";"2017-07-31"
"tx transferencia";"190.5";1;0;0;"01/07/2017";"4ª semana";"31/07/2017";"carro";"2017-07-01";"2017-07-31"
"benção";20;0;1;0;"01/07/2017";"4ª semana";"31/07/2017";"igreja";"2017-07-01";"2017-07-31"
"lanche na igreja";10;0;1;0;"01/07/2017";"4ª semana";"31/07/2017";"alimentação";"2017-07-01";"2017-07-31"
"michelle";"12.71";0;1;0;"01/07/2017";"4ª semana";"31/07/2017";"compras";"2017-07-01";"2017-07-31"
"taxa conta corrente";"68.95";1;0;0;"01/08/2017";"1ª semana";"02/08/2017";"banco";"2017-08-01";"2017-08-02"
"net";"416.36";1;0;0;"01/08/2017";"2ª semana";"08/08/2017";"moradia";"2017-08-01";"2017-08-08"
"luz";"107.77";1;0;0;"01/08/2017";"3ª semana";"18/08/2017";"moradia";"2017-08-01";"2017-08-18"
"cartão de credito";"1708.45";1;0;0;"01/08/2017";"3ª semana";"17/08/2017";"cartão credito";"2017-08-01";"2017-08-17"
"consorcio";"658.67";1;0;0;"01/08/2017";"3ª semana";"15/08/2017";"investimento";"2017-08-01";"2017-08-15"
"contador";158;1;0;0;"01/08/2017";"3ª semana";"16/08/2017";"contador";"2017-08-01";"2017-08-16"
"sptransp";300;1;0;0;"01/08/2017";"1ª semana";"02/08/2017";"transporte";"2017-08-01";"2017-08-02"
"SEGURO CARTÃO";"6.03";1;0;0;"01/08/2017";"3ª semana";"16/08/2017";"banco";"2017-08-01";"2017-08-16"
"UNICEF";50;1;0;0;"01/08/2017";"3ª semana";"16/08/2017";"doação";"2017-08-01";"2017-08-16"
"agua";0;0;1;0;"01/08/2017";"1ª semana";"02/08/2017";"alimentação";"2017-08-01";"2017-08-02"
"transporte";0;0;1;0;"01/08/2017";"1ª semana";"03/08/2017";"transporte";"2017-08-01";"2017-08-03"
"agua";"2.99";0;1;0;"01/08/2017";"1ª semana";"03/08/2017";"alimentação";"2017-08-01";"2017-08-03"
"mercado";"14.79";0;1;0;"01/08/2017";"1ª semana";"02/08/2017";"mercado";"2017-08-01";"2017-08-02"
"tolezano";"11.15";0;1;0;"01/08/2017";"1ª semana";"02/08/2017";"alimentação";"2017-08-01";"2017-08-02"
"iof";"2.87";0;1;0;"01/08/2017";"1ª semana";"02/08/2017";"banco";"2017-08-01";"2017-08-02"
"multa";"156.19";0;1;0;"01/08/2017";"1ª semana";"02/08/2017";"carro";"2017-08-01";"2017-08-02"
"mamao";4;0;1;0;"01/08/2017";"1ª semana";"02/08/2017";"alimentação";"2017-08-01";"2017-08-02"
"lanche";"5.1";0;1;0;"01/08/2017";"1ª semana";"02/08/2017";"alimentação";"2017-08-01";"2017-08-02"
"saque";20;0;1;0;"01/08/2017";"1ª semana";"03/08/2017";"saque";"2017-08-01";"2017-08-03"
"divergente";1;0;1;0;"01/07/2017";"4ª semana";"26/07/2017";"divergente";"2017-07-01";"2017-07-26"
"aluguel 2017/07 cond";0;0;0;1;"01/08/2017";"1ª semana";"03/08/2017";"moradia";"2017-08-01";"2017-08-03"
"lanche burguer king";8;0;1;0;"01/08/2017";"1ª semana";"03/08/2017";"alimentação";"2017-08-01";"2017-08-03"
"suco";4;0;1;0;"01/08/2017";"1ª semana";"04/08/2017";"alimentação";"2017-08-01";"2017-08-04"
"mania";"20.91";0;1;0;"01/08/2017";"1ª semana";"04/08/2017";"alimentação";"2017-08-01";"2017-08-04"
"lis/juros";0;0;1;0;"01/08/2017";"1ª semana";"07/08/2017";"banco";"2017-08-01";"2017-08-07"
"mc donalds";"25.4";0;1;0;"01/08/2017";"1ª semana";"05/08/2017";"alimentação";"2017-08-01";"2017-08-05"
"tolezano";37;0;1;0;"01/08/2017";"1ª semana";"05/08/2017";"mercado";"2017-08-01";"2017-08-05"
"dikar vistoria";70;0;1;0;"01/08/2017";"1ª semana";"05/08/2017";"carro";"2017-08-01";"2017-08-05"
"feira";50;0;1;0;"01/08/2017";"1ª semana";"05/08/2017";"feira";"2017-08-01";"2017-08-05"
"carvao";12;0;1;0;"01/08/2017";"1ª semana";"05/08/2017";"mercado";"2017-08-01";"2017-08-05"
"michelle";38;0;1;0;"01/08/2017";"1ª semana";"05/08/2017";"michelle";"2017-08-01";"2017-08-05"
"tobiti - sorvete";16;0;1;0;"01/08/2017";"1ª semana";"05/08/2017";"alimentação";"2017-08-01";"2017-08-05"
"pizzaria";26;0;1;0;"01/08/2017";"1ª semana";"05/08/2017";"alimentação";"2017-08-01";"2017-08-05"
"rei carne";11;0;1;0;"01/08/2017";"1ª semana";"06/08/2017";"alimentação";"2017-08-01";"2017-08-06"
"andorinha";"48.69";0;1;0;"01/08/2017";"1ª semana";"06/08/2017";"mercado";"2017-08-01";"2017-08-06"
"lis/juros 14 dias";"21.28";1;0;0;"01/08/2017";"1ª semana";"07/08/2017";"banco";"2017-08-01";"2017-08-07"
"eletropaulo";"30.31";1;0;0;"01/08/2017";"2ª semana";"08/08/2017";"moradia";"2017-08-01";"2017-08-08"
"eletropaulo";"58.06";1;0;0;"01/08/2017";"2ª semana";"08/08/2017";"moradia";"2017-08-01";"2017-08-08"
"andorinha";"99.23";0;1;0;"01/08/2017";"2ª semana";"08/08/2017";"mercado";"2017-08-01";"2017-08-08"
"tolezano";"26.95";0;1;0;"01/08/2017";"2ª semana";"09/08/2017";"mercado";"2017-08-01";"2017-08-09"
"conserto janela";120;0;1;0;"01/08/2017";"2ª semana";"10/08/2017";"compras";"2017-08-01";"2017-08-10"
"feira";30;0;1;0;"01/08/2017";"2ª semana";"10/08/2017";"feira";"2017-08-01";"2017-08-10"
"ana paula";12;0;1;0;"01/08/2017";"2ª semana";"10/08/2017";"alimentação";"2017-08-01";"2017-08-10"
"choclate";"7.25";0;1;0;"01/08/2017";"2ª semana";"10/08/2017";"alimentação";"2017-08-01";"2017-08-10"
"lanche";"9.27";0;1;0;"01/08/2017";"2ª semana";"10/08/2017";"alimentação";"2017-08-01";"2017-08-10"
"gasolina";"100.04";0;1;0;"01/08/2017";"2ª semana";"10/08/2017";"carro";"2017-08-01";"2017-08-10"
"claudio dois";5;0;1;0;"01/08/2017";"2ª semana";"11/08/2017";"alimentação";"2017-08-01";"2017-08-11"
"lanche";"4.5";0;1;0;"01/08/2017";"2ª semana";"11/08/2017";"alimentação";"2017-08-01";"2017-08-11"
"lanche";4;0;1;0;"01/08/2017";"2ª semana";"11/08/2017";"alimentação";"2017-08-01";"2017-08-11"
"tolezano";"30.24";0;1;0;"01/08/2017";"2ª semana";"12/08/2017";"mercado";"2017-08-01";"2017-08-12"
"mercado";"66.16";0;1;0;"01/08/2017";"2ª semana";"12/08/2017";"mercado";"2017-08-01";"2017-08-12"
"furacao";12;0;1;0;"01/08/2017";"2ª semana";"12/08/2017";"alimentação";"2017-08-01";"2017-08-12"
"cabelereiro";50;0;1;0;"01/08/2017";"2ª semana";"12/08/2017";"compras";"2017-08-01";"2017-08-12"
"benção";50;0;1;0;"01/08/2017";"2ª semana";"12/08/2017";"igreja";"2017-08-01";"2017-08-12"
"bergamais";"29.28";0;1;0;"01/08/2017";"2ª semana";"12/08/2017";"mercado";"2017-08-01";"2017-08-12"
"tapete";"139.97";0;1;0;"01/08/2017";"2ª semana";"12/08/2017";"compras";"2017-08-01";"2017-08-12"
"mercado";"33.65";0;1;0;"01/08/2017";"2ª semana";"13/08/2017";"mercado";"2017-08-01";"2017-08-13"
"geraldo ped";4;0;1;0;"01/08/2017";"3ª semana";"14/08/2017";"alimentação";"2017-08-01";"2017-08-14"
"mercado";"224.35";0;1;0;"01/08/2017";"3ª semana";"15/08/2017";"mercado";"2017-08-01";"2017-08-15"
"promofarma";"8.81";0;1;0;"01/08/2017";"3ª semana";"16/08/2017";"farmacia";"2017-08-01";"2017-08-16"
"valparaizo";"3.5";0;1;0;"01/08/2017";"3ª semana";"16/08/2017";"compras";"2017-08-01";"2017-08-16"
"pastel feira";8;0;1;0;"01/08/2017";"3ª semana";"16/08/2017";"alimentação";"2017-08-01";"2017-08-16"
"bombom delicia";2;0;1;0;"01/08/2017";"3ª semana";"17/08/2017";"alimentação";"2017-08-01";"2017-08-17"
"agua";3;0;1;0;"01/08/2017";"3ª semana";"17/08/2017";"alimentação";"2017-08-01";"2017-08-17"
"lanche";"8.5";0;1;0;"01/08/2017";"3ª semana";"18/08/2017";"alimentação";"2017-08-01";"2017-08-18"
"suco";4;0;1;0;"01/08/2017";"3ª semana";"18/08/2017";"alimentação";"2017-08-01";"2017-08-18"
"mercado tolezano";"47.58";0;1;0;"01/08/2017";"3ª semana";"18/08/2017";"mercado";"2017-08-01";"2017-08-18"
"arizona padaria";"51.12";0;1;0;"01/08/2017";"4ª semana";"21/08/2017";"padaria";"2017-08-01";"2017-08-21"
"gasolina";"145.55";0;1;0;"01/08/2017";"4ª semana";"21/08/2017";"carro";"2017-08-01";"2017-08-21"
"agua";3;0;1;0;"01/08/2017";"4ª semana";"21/08/2017";"alimentação";"2017-08-01";"2017-08-21"
"mercado";"110.12";0;1;0;"01/08/2017";"4ª semana";"21/08/2017";"mercado";"2017-08-01";"2017-08-21"
"tolezano";"44.84";0;1;0;"01/08/2017";"4ª semana";"21/08/2017";"mercado";"2017-08-01";"2017-08-21"
"pagamento cartao portoseguro";5;0;1;0;"01/08/2017";"4ª semana";"22/08/2017";"carro";"2017-08-01";"2017-08-22"
"mercado andorinha";"242.96";0;1;0;"01/08/2017";"4ª semana";"22/08/2017";"mercado";"2017-08-01";"2017-08-22"
"vitalita";35;0;1;0;"01/08/2017";"4ª semana";"22/08/2017";"compras";"2017-08-01";"2017-08-22"
"pastel feira";20;0;1;0;"01/08/2017";"4ª semana";"23/08/2017";"alimentação";"2017-08-01";"2017-08-23"
"agua";3;0;1;0;"01/08/2017";"4ª semana";"24/08/2017";"alimentação";"2017-08-01";"2017-08-24"
"café lanche";6;0;1;0;"01/08/2017";"4ª semana";"24/08/2017";"alimentação";"2017-08-01";"2017-08-24"
"alkimia baz";"3.7";0;1;0;"01/08/2017";"5ª semana";"25/08/2017";"alimentação";"2017-08-01";"2017-08-25"
"mercado";16;0;1;0;"01/08/2017";"5ª semana";"25/08/2017";"mercado";"2017-08-01";"2017-08-25"
"tolezane";"16.18";0;1;0;"01/08/2017";"5ª semana";"25/08/2017";"mercado";"2017-08-01";"2017-08-25"
"sorvete";"15.44";0;1;0;"01/08/2017";"5ª semana";"28/08/2017";"compras";"2017-08-01";"2017-08-28"
"suco";4;0;1;0;"01/08/2017";"5ª semana";"28/08/2017";"alimentação";"2017-08-01";"2017-08-28"
"sonda";"30.92";0;1;0;"01/08/2017";"5ª semana";"28/08/2017";"mercado";"2017-08-01";"2017-08-28"
"mercado";"6.75";0;1;0;"01/08/2017";"5ª semana";"28/08/2017";"mercado";"2017-08-01";"2017-08-28"
"mercado";"31.32";0;1;0;"01/08/2017";"5ª semana";"28/08/2017";"mercado";"2017-08-01";"2017-08-28"
"mercado";"5.94";0;1;0;"01/08/2017";"5ª semana";"28/08/2017";"mercado";"2017-08-01";"2017-08-28"
"tolezano";"39.12";0;1;0;"01/08/2017";"5ª semana";"28/08/2017";"mercado";"2017-08-01";"2017-08-28"
"tolezano";"24.28";0;1;0;"01/08/2017";"5ª semana";"28/08/2017";"mercado";"2017-08-01";"2017-08-28"
"tolezano";"53.75";0;1;0;"01/08/2017";"5ª semana";"28/08/2017";"mercado";"2017-08-01";"2017-08-28"
"café";"4.5";0;1;0;"01/08/2017";"5ª semana";"28/08/2017";"alimentação";"2017-08-01";"2017-08-28"
"varanda";"14.09";0;1;0;"01/08/2017";"5ª semana";"28/08/2017";"alimentação";"2017-08-01";"2017-08-28"
"agua";3;0;1;0;"01/08/2017";"5ª semana";"29/08/2017";"alimentação";"2017-08-01";"2017-08-29"
"suco";4;0;1;0;"01/08/2017";"5ª semana";"29/08/2017";"alimentação";"2017-08-01";"2017-08-29"
"tolezano";"19.4";0;1;0;"01/08/2017";"5ª semana";"29/08/2017";"mercado";"2017-08-01";"2017-08-29"
"celular";50;0;1;0;"01/08/2017";"5ª semana";"30/08/2017";"compras";"2017-08-01";"2017-08-30"
"lanche";7;0;1;0;"01/08/2017";"5ª semana";"30/08/2017";"alimentação";"2017-08-01";"2017-08-30"
"gasolina";120;0;1;0;"01/08/2017";"5ª semana";"30/08/2017";"carro";"2017-08-01";"2017-08-30"
"agua";"2.19";0;1;0;"01/08/2017";"5ª semana";"30/08/2017";"alimentação";"2017-08-01";"2017-08-30"
"iof";"9.38";1;0;0;"01/09/2017";"1ª semana";"01/09/2017";"banco";"2017-09-01";"2017-09-01"
"feira";70;0;1;0;"01/09/2017";"1ª semana";"04/09/2017";"feira";"2017-09-01";"2017-09-04"
"corte";30;0;1;0;"01/09/2017";"1ª semana";"04/09/2017";"cabelereiro";"2017-09-01";"2017-09-04"
"dentista";100;1;0;0;"01/09/2017";"1ª semana";"05/09/2017";"compras";"2017-09-01";"2017-09-05"
"taxa conta corrente";"68.95";1;0;0;"01/09/2017";"1ª semana";"04/09/2017";"banco";"2017-09-01";"2017-09-04"
"net";"300.35";1;0;0;"01/09/2017";"1ª semana";"08/09/2017";"moradia";"2017-09-01";"2017-09-08"
"alugel casa";900;1;0;0;"01/08/2017";"1ª semana";"06/09/2017";"moradia";"2017-08-01";"2017-09-06"
"iptu";22;1;0;0;"01/08/2017";"1ª semana";"06/09/2017";"moradia";"2017-08-01";"2017-09-06"
"condominio";"461.12";1;0;0;"01/08/2017";"1ª semana";"06/09/2017";"moradia";"2017-08-01";"2017-09-06"
"luz";"107.23";1;0;0;"01/09/2017";"3ª semana";"22/09/2017";"moradia";"2017-09-01";"2017-09-22"
"luz - residuo";"42.09";1;0;0;"01/09/2017";"1ª semana";"08/09/2017";"moradia";"2017-09-01";"2017-09-08"
"cartão de credito";"2150.94";1;0;0;"01/09/2017";"2ª semana";"15/09/2017";"cartão credito";"2017-09-01";"2017-09-15"
"portoseguro";"9.39";1;0;0;"01/09/2017";"2ª semana";"15/09/2017";"cartão credito";"2017-09-01";"2017-09-15"
"consorcio";"658.67";1;0;0;"01/09/2017";"2ª semana";"15/09/2017";"investimento";"2017-09-01";"2017-09-15"
"contador";158;1;0;0;"01/09/2017";"2ª semana";"14/09/2017";"contador";"2017-09-01";"2017-09-14"
"sptransp";300;1;0;0;"01/09/2017";"1ª semana";"04/09/2017";"transporte";"2017-09-01";"2017-09-04"
"SEGURO CARTÃO";"6.03";1;0;0;"01/09/2017";"2ª semana";"14/09/2017";"banco";"2017-09-01";"2017-09-14"
"UNICEF";50;1;0;0;"01/09/2017";"2ª semana";"15/09/2017";"doação";"2017-09-01";"2017-09-15"
"mercado andorinha";"162.67";0;1;0;"01/09/2017";"1ª semana";"05/09/2017";"mercado";"2017-09-01";"2017-09-05"
"mercado andorinha";"8.9";0;1;0;"01/09/2017";"1ª semana";"05/09/2017";"mercado";"2017-09-01";"2017-09-05"
"arizona";"14.8";0;1;0;"01/09/2017";"1ª semana";"04/09/2017";"padaria";"2017-09-01";"2017-09-04"
"sorvete";37;0;1;0;"01/09/2017";"1ª semana";"03/09/2017";"compras";"2017-09-01";"2017-09-03"
"almoço canellone";"43.6";0;1;0;"01/09/2017";"1ª semana";"04/09/2017";"alimentação";"2017-09-01";"2017-09-04"
"tolezano";"20.63";0;1;0;"01/09/2017";"1ª semana";"03/09/2017";"mercado";"2017-09-01";"2017-09-03"
"lis/juros 17 dias";"48.21";0;1;0;"01/09/2017";"1ª semana";"05/09/2017";"banco";"2017-09-01";"2017-09-05"
"lis/juros 16 dias";"43.82";0;1;0;"01/09/2017";"1ª semana";"05/09/2017";"banco";"2017-09-01";"2017-09-05"
"suco";8;0;1;0;"01/09/2017";"1ª semana";"06/09/2017";"alimentação";"2017-09-01";"2017-09-06"
"pastel feira";22;0;1;0;"01/09/2017";"1ª semana";"06/09/2017";"alimentação";"2017-09-01";"2017-09-06"
"almoço";"21.15";0;1;0;"01/09/2017";"1ª semana";"06/09/2017";"alimentação";"2017-09-01";"2017-09-06"
"café";5;0;1;0;"01/09/2017";"1ª semana";"06/09/2017";"alimentação";"2017-09-01";"2017-09-06"
"mercado andorinha";"149.22";0;1;0;"01/09/2017";"1ª semana";"07/09/2017";"mercado";"2017-09-01";"2017-09-07"
"feira";65;0;1;0;"01/09/2017";"1ª semana";"07/09/2017";"feira";"2017-09-01";"2017-09-07"
"michelle - gilda";25;0;1;0;"01/09/2017";"1ª semana";"07/09/2017";"compras";"2017-09-01";"2017-09-07"
"benção";10;0;1;0;"01/09/2017";"1ª semana";"07/09/2017";"igreja";"2017-09-01";"2017-09-07"
"mercado andorinha";"41.98";0;1;0;"01/09/2017";"1ª semana";"08/09/2017";"mercado";"2017-09-01";"2017-09-08"
"hambruguer caseiro";15;0;1;0;"01/09/2017";"1ª semana";"09/09/2017";"alimentação";"2017-09-01";"2017-09-09"
"conserto torneira";50;0;1;0;"01/09/2017";"1ª semana";"09/09/2017";"moradia";"2017-09-01";"2017-09-09"
"bolo celso";20;0;1;0;"01/09/2017";"1ª semana";"10/09/2017";"alimentação";"2017-09-01";"2017-09-10"
"refri";14;0;1;0;"01/09/2017";"1ª semana";"10/09/2017";"alimentação";"2017-09-01";"2017-09-10"
"michelle";20;0;1;0;"01/09/2017";"1ª semana";"10/09/2017";"michelle";"2017-09-01";"2017-09-10"
"praca";"42.91";0;1;0;"01/09/2017";"2ª semana";"11/09/2017";"compras";"2017-09-01";"2017-09-11"
"koch la";35;0;1;0;"01/09/2017";"2ª semana";"11/09/2017";"compras";"2017-09-01";"2017-09-11"
"sidney";10;0;1;0;"01/09/2017";"2ª semana";"11/09/2017";"compras";"2017-09-01";"2017-09-11"
"tolezano";3;0;1;0;"01/09/2017";"2ª semana";"11/09/2017";"mercado";"2017-09-01";"2017-09-11"
"cartorio";6;0;1;0;"01/09/2017";"2ª semana";"12/09/2017";"compras";"2017-09-01";"2017-09-12"
"digitalizado";25;0;1;0;"01/09/2017";"2ª semana";"12/09/2017";"compras";"2017-09-01";"2017-09-12"
"mercado andorinha";"148.3";0;1;0;"01/09/2017";"2ª semana";"13/09/2017";"mercado";"2017-09-01";"2017-09-13"
"gasolina";"160.98";0;1;0;"01/09/2017";"2ª semana";"14/09/2017";"carro";"2017-09-01";"2017-09-14"
"missoes portas abertas";39;0;1;0;"01/09/2017";"2ª semana";"14/09/2017";"igreja";"2017-09-01";"2017-09-14"
"boticario";"112.5";0;1;0;"01/09/2017";"2ª semana";"14/09/2017";"compras";"2017-09-01";"2017-09-14"
"locao cabelo";"29.9";0;1;0;"01/09/2017";"2ª semana";"14/09/2017";"compras";"2017-09-01";"2017-09-14"
"perfurmaria 2000";"35.38";0;1;0;"01/09/2017";"2ª semana";"14/09/2017";"compras";"2017-09-01";"2017-09-14"
"promofarma";"86.43";0;1;0;"01/09/2017";"2ª semana";"14/09/2017";"farmacia";"2017-09-01";"2017-09-14"
"tolezano";"7.84";0;1;0;"01/09/2017";"2ª semana";"14/09/2017";"mercado";"2017-09-01";"2017-09-14"
"bras roupa michelle";30;0;1;0;"01/09/2017";"2ª semana";"14/09/2017";"compras";"2017-09-01";"2017-09-14"
"bras roupa samuel";110;0;1;0;"01/09/2017";"2ª semana";"14/09/2017";"compras";"2017-09-01";"2017-09-14"
"bras roupa samuel";65;0;1;0;"01/09/2017";"2ª semana";"14/09/2017";"compras";"2017-09-01";"2017-09-14"
"frutas";10;0;1;0;"01/09/2017";"2ª semana";"14/09/2017";"alimentação";"2017-09-01";"2017-09-14"
"brinquedo";20;0;1;0;"01/09/2017";"2ª semana";"14/09/2017";"compras";"2017-09-01";"2017-09-14"
"bras roupa michelle";16;0;1;0;"01/09/2017";"2ª semana";"14/09/2017";"compras";"2017-09-01";"2017-09-14"
"bras roupa michelle";40;0;1;0;"01/09/2017";"2ª semana";"14/09/2017";"compras";"2017-09-01";"2017-09-14"
"bras roupa michelle";"139.93";0;1;0;"01/09/2017";"2ª semana";"14/09/2017";"compras";"2017-09-01";"2017-09-14"
"bras roupa samuel";"178.62";0;1;0;"01/09/2017";"2ª semana";"14/09/2017";"compras";"2017-09-01";"2017-09-14"
"mercado";"42.66";0;1;0;"01/09/2017";"2ª semana";"14/09/2017";"mercado";"2017-09-01";"2017-09-14"
"benção";50;0;1;0;"01/09/2017";"2ª semana";"14/09/2017";"igreja";"2017-09-01";"2017-09-14"
"michelle";33;0;1;0;"01/09/2017";"2ª semana";"14/09/2017";"michelle";"2017-09-01";"2017-09-14"
"feira";100;0;1;0;"01/09/2017";"2ª semana";"14/09/2017";"feira";"2017-09-01";"2017-09-14"
"bras roupa michelle";130;0;1;0;"01/09/2017";"2ª semana";"14/09/2017";"compras";"2017-09-01";"2017-09-14"
"andorinha";"93.23";0;1;0;"01/09/2017";"3ª semana";"19/09/2017";"mercado";"2017-09-01";"2017-09-19"
"vitalita";35;0;1;0;"01/09/2017";"3ª semana";"19/09/2017";"compras";"2017-09-01";"2017-09-19"
"bazar";"12.5";0;1;0;"01/09/2017";"3ª semana";"20/09/2017";"compras";"2017-09-01";"2017-09-20"
"mercado carrefour";"41.6";0;1;0;"01/09/2017";"3ª semana";"20/09/2017";"mercado";"2017-09-01";"2017-09-20"
"estacionamento shopp";10;0;1;0;"01/09/2017";"3ª semana";"20/09/2017";"carro";"2017-09-01";"2017-09-20"
"lojas maduro";"19.88";0;1;0;"01/09/2017";"3ª semana";"20/09/2017";"compras";"2017-09-01";"2017-09-20"
"mc donalds";"75.7";0;1;0;"01/09/2017";"3ª semana";"20/09/2017";"compras";"2017-09-01";"2017-09-20"
"mc donalds";"17.5";0;1;0;"01/09/2017";"3ª semana";"20/09/2017";"compras";"2017-09-01";"2017-09-20"
"play land";22;0;1;0;"01/09/2017";"3ª semana";"20/09/2017";"compras";"2017-09-01";"2017-09-20"
"plet embala";"20.91";0;1;0;"01/09/2017";"3ª semana";"22/09/2017";"compras";"2017-09-01";"2017-09-22"
"mercado andorinha";"81.44";0;1;0;"01/09/2017";"3ª semana";"22/09/2017";"mercado";"2017-09-01";"2017-09-22"
"promofarma";20;0;1;0;"01/09/2017";"3ª semana";"23/09/2017";"farmacia";"2017-09-01";"2017-09-23"
"benção";140;0;1;0;"01/09/2017";"3ª semana";"23/09/2017";"igreja";"2017-09-01";"2017-09-23"
"cano lava roupa";"6.66";0;1;0;"01/09/2017";"3ª semana";"23/09/2017";"moradia";"2017-09-01";"2017-09-23"
"nimax";"33.97";0;1;0;"01/09/2017";"3ª semana";"23/09/2017";"compras";"2017-09-01";"2017-09-23"
"almoço canelone";32;0;1;0;"01/09/2017";"3ª semana";"23/09/2017";"alimentação";"2017-09-01";"2017-09-23"
"gasolina";"126.18";0;1;0;"01/09/2017";"3ª semana";"23/09/2017";"carro";"2017-09-01";"2017-09-23"
"zoologico";78;0;1;0;"01/09/2017";"3ª semana";"23/09/2017";"compras";"2017-09-01";"2017-09-23"
"tolezano";"5.47";0;1;0;"01/09/2017";"3ª semana";"23/09/2017";"mercado";"2017-09-01";"2017-09-23"
"toleano";"12.59";0;1;0;"01/09/2017";"3ª semana";"23/09/2017";"mercado";"2017-09-01";"2017-09-23"
"tolezano";55;0;1;0;"01/09/2017";"3ª semana";"23/09/2017";"mercado";"2017-09-01";"2017-09-23"
"zoologico";99;0;1;0;"01/09/2017";"3ª semana";"23/09/2017";"compras";"2017-09-01";"2017-09-23"
"mercado andorinha";"168.86";0;1;0;"01/09/2017";"4ª semana";"26/09/2017";"mercado";"2017-09-01";"2017-09-26"
"armarinhos";17;0;1;0;"01/09/2017";"4ª semana";"26/09/2017";"compras";"2017-09-01";"2017-09-26"
"klaus keiti";8;0;1;0;"01/09/2017";"4ª semana";"27/09/2017";"compras";"2017-09-01";"2017-09-27"
"minuto pao";3;0;1;0;"01/09/2017";"4ª semana";"27/09/2017";"alimentação";"2017-09-01";"2017-09-27"
"panetone";20;0;1;0;"01/09/2017";"4ª semana";"27/09/2017";"alimentação";"2017-09-01";"2017-09-27"
"feira";50;0;1;0;"01/09/2017";"4ª semana";"28/09/2017";"feira";"2017-09-01";"2017-09-28"
"michelle";500;0;1;0;"01/09/2017";"4ª semana";"27/09/2017";"michelle";"2017-09-01";"2017-09-27"
"taxa conta corrente";"68.95";1;0;0;"01/10/2017";"1ª semana";"03/10/2017";"banco";"2017-10-01";"2017-10-03"
"net";"203.12";1;0;0;"01/10/2017";"1ª semana";"06/10/2017";"moradia";"2017-10-01";"2017-10-06"
"alugel casa";900;1;0;0;"01/10/2017";"1ª semana";"06/10/2017";"moradia";"2017-10-01";"2017-10-06"
"iptu";22;1;0;0;"01/10/2017";"1ª semana";"06/10/2017";"moradia";"2017-10-01";"2017-10-06"
"condominio";"461.12";1;0;0;"01/10/2017";"1ª semana";"06/10/2017";"moradia";"2017-10-01";"2017-10-06"
"luz";"88.24";1;0;0;"01/10/2017";"4ª semana";"27/10/2017";"moradia";"2017-10-01";"2017-10-27"
"cartão de credito";"2417.01";1;0;0;"01/10/2017";"3ª semana";"16/10/2017";"cartão credito";"2017-10-01";"2017-10-16"
"portoseguro";127;1;0;0;"01/10/2017";"4ª semana";"27/10/2017";"cartão credito";"2017-10-01";"2017-10-27"
"consorcio";"661.74";1;0;0;"01/10/2017";"3ª semana";"16/10/2017";"investimento";"2017-10-01";"2017-10-16"
"contador";158;1;0;0;"01/10/2017";"3ª semana";"16/10/2017";"contador";"2017-10-01";"2017-10-16"
"sptransp";300;1;0;0;"01/10/2017";"1ª semana";"04/10/2017";"transporte";"2017-10-01";"2017-10-04"
"SEGURO CARTÃO";"6.03";1;0;0;"01/10/2017";"1ª semana";"10/10/2017";"banco";"2017-10-01";"2017-10-10"
"UNICEF";50;1;0;0;"01/10/2017";"3ª semana";"16/10/2017";"doação";"2017-10-01";"2017-10-16"
"celular";15;0;1;0;"01/10/2017";"1ª semana";"02/10/2017";"celular";"2017-10-01";"2017-10-02"
"mercado carrefour";"48.39";0;1;0;"01/10/2017";"1ª semana";"02/10/2017";"mercado";"2017-10-01";"2017-10-02"
"academia";68;0;1;0;"01/10/2017";"1ª semana";"02/10/2017";"compras";"2017-10-01";"2017-10-02"
"tolezano";"28.74";0;1;0;"01/10/2017";"1ª semana";"02/10/2017";"mercado";"2017-10-01";"2017-10-02"
"iof";"1.37";0;1;0;"01/10/2017";"1ª semana";"03/10/2017";"banco";"2017-10-01";"2017-10-03"
"varanda";"4.49";0;1;0;"01/10/2017";"1ª semana";"03/10/2017";"mercado";"2017-10-01";"2017-10-03"
"metro";10;0;1;0;"01/10/2017";"1ª semana";"04/10/2017";"transporte";"2017-10-01";"2017-10-04"
"brasmadi";"11.5";0;1;0;"01/10/2017";"1ª semana";"04/10/2017";"compras";"2017-10-01";"2017-10-04"
"mc donalds";8;0;1;0;"01/10/2017";"1ª semana";"04/10/2017";"alimentação";"2017-10-01";"2017-10-04"
"metro";10;0;1;0;"01/10/2017";"1ª semana";"04/10/2017";"transporte";"2017-10-01";"2017-10-04"
"suco ";4;0;1;0;"01/10/2017";"1ª semana";"04/10/2017";"alimentação";"2017-10-01";"2017-10-04"
"sorvete";4;0;1;0;"01/10/2017";"1ª semana";"04/10/2017";"alimentação";"2017-10-01";"2017-10-04"
"feira";50;0;1;0;"01/10/2017";"1ª semana";"04/10/2017";"feira";"2017-10-01";"2017-10-04"
"burger king";"25.9";0;1;0;"01/10/2017";"1ª semana";"04/10/2017";"alimentação";"2017-10-01";"2017-10-04"
"agua";"2.99";0;1;0;"01/10/2017";"1ª semana";"04/10/2017";"alimentação";"2017-10-01";"2017-10-04"
"mercado extr";"42.32";0;1;0;"01/10/2017";"2ª semana";"06/10/2017";"mercado";"2017-10-01";"2017-10-06"
"agua";"4.2";0;1;0;"01/10/2017";"2ª semana";"06/10/2017";"alimentação";"2017-10-01";"2017-10-06"
"restaurante";"21.45";0;1;0;"01/10/2017";"2ª semana";"06/10/2017";"alimentação";"2017-10-01";"2017-10-06"
"gasolina";"128.27";0;1;0;"01/10/2017";"2ª semana";"09/10/2017";"carro";"2017-10-01";"2017-10-09"
"centermix";9;0;1;0;"01/10/2017";"2ª semana";"09/10/2017";"compras";"2017-10-01";"2017-10-09"
"almoço";48;0;1;0;"01/10/2017";"2ª semana";"09/10/2017";"alimentação";"2017-10-01";"2017-10-09"
"mercado";"6.98";0;1;0;"01/10/2017";"2ª semana";"09/10/2017";"mercado";"2017-10-01";"2017-10-09"
"tolezano";"32.67";0;1;0;"01/10/2017";"2ª semana";"09/10/2017";"mercado";"2017-10-01";"2017-10-09"
"tolezano";"6.3";0;1;0;"01/10/2017";"2ª semana";"09/10/2017";"mercado";"2017-10-01";"2017-10-09"
"tolezano";"10.85";0;1;0;"01/10/2017";"2ª semana";"09/10/2017";"mercado";"2017-10-01";"2017-10-09"
"tolezano";"51.8";0;1;0;"01/10/2017";"2ª semana";"09/10/2017";"mercado";"2017-10-01";"2017-10-09"
"camiseta projeto";60;0;1;0;"01/10/2017";"2ª semana";"10/10/2017";"igreja";"2017-10-01";"2017-10-10"
"agua";"2.65";0;1;0;"01/10/2017";"2ª semana";"10/10/2017";"alimentação";"2017-10-01";"2017-10-10"
"sorvete";16;0;1;0;"01/10/2017";"2ª semana";"10/10/2017";"alimentação";"2017-10-01";"2017-10-10"
"pastel feira";21;0;1;0;"01/10/2017";"2ª semana";"10/10/2017";"alimentação";"2017-10-01";"2017-10-10"
"saque";21;0;1;0;"01/10/2017";"2ª semana";"10/10/2017";"saque";"2017-10-01";"2017-10-10"
"cavaquinho brinq";15;0;1;0;"01/10/2017";"2ª semana";"10/10/2017";"compras";"2017-10-01";"2017-10-10"
"suco";4;0;1;0;"01/10/2017";"2ª semana";"10/10/2017";"alimentação";"2017-10-01";"2017-10-10"
"andorinha";"57.93";0;1;0;"01/10/2017";"2ª semana";"13/10/2017";"mercado";"2017-10-01";"2017-10-13"
"droga raia";"9.99";0;1;0;"01/10/2017";"2ª semana";"13/10/2017";"farmacia";"2017-10-01";"2017-10-13"
"edurado";16;0;1;0;"01/10/2017";"2ª semana";"13/10/2017";"alimentação";"2017-10-01";"2017-10-13"
"tolezano";"25.79";0;1;0;"01/10/2017";"2ª semana";"13/10/2017";"mercado";"2017-10-01";"2017-10-13"
"tolezano";"20.33";0;1;0;"01/10/2017";"2ª semana";"13/10/2017";"mercado";"2017-10-01";"2017-10-13"
"arizona";"3.33";0;1;0;"01/10/2017";"3ª semana";"16/10/2017";"padaria";"2017-10-01";"2017-10-16"
"perfumaria";"47.2";0;1;0;"01/10/2017";"3ª semana";"16/10/2017";"compras";"2017-10-01";"2017-10-16"
"tolezano";"9.95";0;1;0;"01/10/2017";"3ª semana";"16/10/2017";"mercado";"2017-10-01";"2017-10-16"
"tolezano";"34.21";0;1;0;"01/10/2017";"3ª semana";"16/10/2017";"mercado";"2017-10-01";"2017-10-16"
"andorinha";"277.23";0;1;0;"01/10/2017";"3ª semana";"17/10/2017";"mercado";"2017-10-01";"2017-10-17"
"caca baby";"51.99";0;1;0;"01/10/2017";"3ª semana";"17/10/2017";"compras";"2017-10-01";"2017-10-17"
"perf sumire";"33.4";0;1;0;"01/10/2017";"3ª semana";"17/10/2017";"compras";"2017-10-01";"2017-10-17"
"almoço";"21.47";0;1;0;"01/10/2017";"3ª semana";"17/10/2017";"alimentação";"2017-10-01";"2017-10-17"
"benção";268;0;1;0;"01/10/2017";"3ª semana";"17/10/2017";"igreja";"2017-10-01";"2017-10-17"
"agua eucalipto";57;0;1;0;"01/10/2017";"3ª semana";"18/10/2017";"alimentação";"2017-10-01";"2017-10-18"
"joprak";"4.5";0;1;0;"01/10/2017";"3ª semana";"18/10/2017";"compras";"2017-10-01";"2017-10-18"
"nakata";"9.5";0;1;0;"01/10/2017";"3ª semana";"18/10/2017";"compras";"2017-10-01";"2017-10-18"
"celular";15;0;1;0;"01/10/2017";"3ª semana";"19/10/2017";"compras";"2017-10-01";"2017-10-19"
"audrey doce";12;0;1;0;"01/10/2017";"3ª semana";"19/10/2017";"alimentação";"2017-10-01";"2017-10-19"
"garve paes";"2.8";0;1;0;"01/10/2017";"3ª semana";"20/10/2017";"alimentação";"2017-10-01";"2017-10-20"
"almoço";"23.35";0;1;0;"01/10/2017";"3ª semana";"21/10/2017";"alimentação";"2017-10-01";"2017-10-21"
"caldo de cana";12;0;1;0;"01/10/2017";"3ª semana";"21/10/2017";"alimentação";"2017-10-01";"2017-10-21"
"almoço";"38.84";0;1;0;"01/10/2017";"3ª semana";"21/10/2017";"alimentação";"2017-10-01";"2017-10-21"
"tolezano";"28.72";0;1;0;"01/10/2017";"3ª semana";"22/10/2017";"mercado";"2017-10-01";"2017-10-22"
"feira";100;0;1;0;"01/10/2017";"3ª semana";"22/10/2017";"feira";"2017-10-01";"2017-10-22"
"gasolina";180;0;1;0;"01/10/2017";"3ª semana";"22/10/2017";"carro";"2017-10-01";"2017-10-22"
"garage";15;0;1;0;"01/10/2017";"4ª semana";"23/10/2017";"carro";"2017-10-01";"2017-10-23"
"drogaria";"96.07";0;1;0;"01/10/2017";"4ª semana";"23/10/2017";"farmacia";"2017-10-01";"2017-10-23"
"mercearia";7;0;1;0;"01/10/2017";"4ª semana";"23/10/2017";"mercado";"2017-10-01";"2017-10-23"
"agua";3;0;1;0;"01/10/2017";"4ª semana";"24/10/2017";"alimentação";"2017-10-01";"2017-10-24"
"suco";4;0;1;0;"01/10/2017";"4ª semana";"24/10/2017";"alimentação";"2017-10-01";"2017-10-24"
"lanchonete";21;0;1;0;"01/10/2017";"4ª semana";"24/10/2017";"alimentação";"2017-10-01";"2017-10-24"
"bolo audrey";18;0;1;0;"01/10/2017";"4ª semana";"25/10/2017";"alimentação";"2017-10-01";"2017-10-25"
"casa de paes";4;0;1;0;"01/10/2017";"4ª semana";"25/10/2017";"alimentação";"2017-10-01";"2017-10-25"
"casa de paes";"3.5";0;1;0;"01/10/2017";"4ª semana";"26/10/2017";"alimentação";"2017-10-01";"2017-10-26"
"mullequinho";"22.9";0;1;0;"01/10/2017";"4ª semana";"26/10/2017";"alimentação";"2017-10-01";"2017-10-26"
"tolezano";"12.49";0;1;0;"01/10/2017";"4ª semana";"27/10/2017";"mercado";"2017-10-01";"2017-10-27"
"feira";100;0;1;0;"01/10/2017";"4ª semana";"30/10/2017";"feira";"2017-10-01";"2017-10-30"
"mercado";"144.03";0;1;0;"01/10/2017";"4ª semana";"30/10/2017";"mercado";"2017-10-01";"2017-10-30"
"michelle";100;0;1;0;"01/10/2017";"4ª semana";"31/10/2017";"michelle";"2017-10-01";"2017-10-31"
"alimentacao";20;0;1;0;"01/10/2017";"4ª semana";"30/10/2017";"alimentação";"2017-10-01";"2017-10-30"
"alimentacao";7;0;1;0;"01/10/2017";"4ª semana";"30/10/2017";"alimentação";"2017-10-01";"2017-10-30"
"taxa conta corrente";"69.95";1;0;0;"01/11/2017";"1ª semana";"03/11/2017";"banco";"2017-11-01";"2017-11-03"
"net";"199.8";1;0;0;"01/11/2017";"2ª semana";"09/11/2017";"moradia";"2017-11-01";"2017-11-09"
"alugel casa";900;1;0;0;"01/11/2017";"3ª semana";"14/11/2017";"moradia";"2017-11-01";"2017-11-14"
"iptu";0;1;0;0;"01/11/2017";"3ª semana";"14/11/2017";"moradia";"2017-11-01";"2017-11-14"
"condominio";"461.12";1;0;0;"01/11/2017";"3ª semana";"14/11/2017";"moradia";"2017-11-01";"2017-11-14"
"luz";"101.66";1;0;0;"01/11/2017";"4ª semana";"23/11/2017";"moradia";"2017-11-01";"2017-11-23"
"cartão de credito";"3167.53";1;0;0;"01/11/2017";"3ª semana";"14/11/2017";"cartão credito";"2017-11-01";"2017-11-14"
"portoseguro";"40.61";1;0;0;"01/11/2017";"3ª semana";"16/11/2017";"cartão credito";"2017-11-01";"2017-11-16"
"consorcio";"658.67";1;0;0;"01/11/2017";"3ª semana";"15/11/2017";"investimento";"2017-11-01";"2017-11-15"
"contador";158;1;0;0;"01/11/2017";"3ª semana";"16/11/2017";"contador";"2017-11-01";"2017-11-16"
"sptransp";310;1;0;0;"01/11/2017";"2ª semana";"06/11/2017";"transporte";"2017-11-01";"2017-11-06"
"SEGURO CARTÃO";"6.03";1;0;0;"01/11/2017";"2ª semana";"10/11/2017";"banco";"2017-11-01";"2017-11-10"
"UNICEF";50;1;0;0;"01/11/2017";"3ª semana";"16/11/2017";"doação";"2017-11-01";"2017-11-16"
"nakata";7;0;1;0;"01/11/2017";"1ª semana";"01/11/2017";"alimentação";"2017-11-01";"2017-11-01"
"iof";"1.84";0;1;0;"01/11/2017";"1ª semana";"01/11/2017";"banco";"2017-11-01";"2017-11-01"
"suco";4;0;1;0;"01/11/2017";"1ª semana";"03/11/2017";"alimentação";"2017-11-01";"2017-11-03"
"espetinho";15;0;1;0;"01/11/2017";"1ª semana";"03/11/2017";"alimentação";"2017-11-01";"2017-11-03"
"gasolina";"161.12";0;1;0;"01/11/2017";"1ª semana";"03/11/2017";"carro";"2017-11-01";"2017-11-03"
"tolezano";"6.48";0;1;0;"01/11/2017";"1ª semana";"03/11/2017";"mercado";"2017-11-01";"2017-11-03"
"alimentacao";12;0;1;0;"01/11/2017";"1ª semana";"03/11/2017";"alimentação";"2017-11-01";"2017-11-03"
"feira";100;0;1;0;"01/11/2017";"1ª semana";"03/11/2017";"feira";"2017-11-01";"2017-11-03"
"tolezano";"40.85";0;1;0;"01/11/2017";"1ª semana";"04/11/2017";"mercado";"2017-11-01";"2017-11-04"
"rei carne";10;0;1;0;"01/11/2017";"1ª semana";"04/11/2017";"alimentação";"2017-11-01";"2017-11-04"
"alimentacao";25;0;1;0;"01/11/2017";"1ª semana";"04/11/2017";"alimentação";"2017-11-01";"2017-11-04"
"mercadio";"71.63";0;1;0;"01/11/2017";"1ª semana";"05/11/2017";"mercado";"2017-11-01";"2017-11-05"
"alimentacao";"9.9";0;1;0;"01/11/2017";"1ª semana";"05/11/2017";"alimentação";"2017-11-01";"2017-11-05"
"alimentacao";"6.5";0;1;0;"01/11/2017";"2ª semana";"06/11/2017";"alimentação";"2017-11-01";"2017-11-06"
"alimentacao";5;0;1;0;"01/11/2017";"2ª semana";"06/11/2017";"alimentação";"2017-11-01";"2017-11-06"
"alimentacao";25;0;1;0;"01/11/2017";"2ª semana";"06/11/2017";"alimentação";"2017-11-01";"2017-11-06"
"chocolate";10;0;1;0;"01/11/2017";"2ª semana";"07/11/2017";"alimentação";"2017-11-01";"2017-11-07"
"café no cemiterio";"18.5";0;1;0;"01/11/2017";"2ª semana";"07/11/2017";"alimentação";"2017-11-01";"2017-11-07"
"alimentacao";6;0;1;0;"01/11/2017";"2ª semana";"07/11/2017";"alimentação";"2017-11-01";"2017-11-07"
"mercado";"8.78";0;1;0;"01/11/2017";"2ª semana";"08/11/2017";"mercado";"2017-11-01";"2017-11-08"
"suco";4;0;1;0;"01/11/2017";"2ª semana";"08/11/2017";"alimentação";"2017-11-01";"2017-11-08"
"ragazzo";"7.8";0;1;0;"01/11/2017";"2ª semana";"08/11/2017";"alimentação";"2017-11-01";"2017-11-08"
"bauducco metro";"7.5";0;1;0;"01/11/2017";"2ª semana";"09/11/2017";"alimentação";"2017-11-01";"2017-11-09"
"suco";4;0;1;0;"01/11/2017";"2ª semana";"10/11/2017";"alimentação";"2017-11-01";"2017-11-10"
"saque";40;0;1;0;"01/11/2017";"2ª semana";"10/11/2017";"saque";"2017-11-01";"2017-11-10"
"suco";4;0;1;0;"01/11/2017";"2ª semana";"10/11/2017";"alimentação";"2017-11-01";"2017-11-10"
"gasolina";20;0;1;0;"01/11/2017";"2ª semana";"11/11/2017";"carro";"2017-11-01";"2017-11-11"
"feira";80;0;1;0;"01/11/2017";"2ª semana";"12/11/2017";"feira";"2017-11-01";"2017-11-12"
"benção";20;0;1;0;"01/11/2017";"2ª semana";"12/11/2017";"igreja";"2017-11-01";"2017-11-12"
"agua";3;0;1;0;"01/11/2017";"3ª semana";"13/11/2017";"alimentação";"2017-11-01";"2017-11-13"
"confraternizacao";30;0;1;0;"01/11/2017";"3ª semana";"13/11/2017";"compras";"2017-11-01";"2017-11-13"
"deposito caio";50;0;1;0;"01/11/2017";"3ª semana";"13/11/2017";"compras";"2017-11-01";"2017-11-13"
"michelle";10;0;1;0;"01/11/2017";"3ª semana";"13/11/2017";"michelle";"2017-11-01";"2017-11-13"
"sorvete";4;0;1;0;"01/11/2017";"3ª semana";"14/11/2017";"alimentação";"2017-11-01";"2017-11-14"
"sorvete";4;0;1;0;"01/11/2017";"3ª semana";"14/11/2017";"alimentação";"2017-11-01";"2017-11-14"
"janta mc donalds";"29.4";0;1;0;"01/11/2017";"3ª semana";"14/11/2017";"alimentação";"2017-11-01";"2017-11-14"
"bolacha";11;0;1;0;"01/11/2017";"3ª semana";"15/11/2017";"alimentação";"2017-11-01";"2017-11-15"
"michelle";50;0;1;0;"01/11/2017";"3ª semana";"15/11/2017";"compras";"2017-11-01";"2017-11-15"
"rodovias";35;0;1;0;"01/11/2017";"3ª semana";"15/11/2017";"carro";"2017-11-01";"2017-11-15"
"sorvetes";42;0;1;0;"01/11/2017";"3ª semana";"15/11/2017";"alimentação";"2017-11-01";"2017-11-15"
"farmacia";15;0;1;0;"01/11/2017";"3ª semana";"16/11/2017";"farmacia";"2017-11-01";"2017-11-16"
"café";7;0;1;0;"01/11/2017";"3ª semana";"16/11/2017";"alimentação";"2017-11-01";"2017-11-16"
"almoço";"26.4";0;1;0;"01/11/2017";"3ª semana";"16/11/2017";"alimentação";"2017-11-01";"2017-11-16"
"café doces";"16.4";0;1;0;"01/11/2017";"3ª semana";"16/11/2017";"alimentação";"2017-11-01";"2017-11-16"
"farmacia";"14.38";0;1;0;"01/11/2017";"3ª semana";"16/11/2017";"farmacia";"2017-11-01";"2017-11-16"
"lojas americanas";"6.99";0;1;0;"01/11/2017";"3ª semana";"16/11/2017";"compras";"2017-11-01";"2017-11-16"
"agua";3;0;1;0;"01/11/2017";"3ª semana";"17/11/2017";"alimentação";"2017-11-01";"2017-11-17"
"suco";4;0;1;0;"01/11/2017";"3ª semana";"17/11/2017";"alimentação";"2017-11-01";"2017-11-17"
"feira";50;0;1;0;"01/11/2017";"3ª semana";"18/11/2017";"feira";"2017-11-01";"2017-11-18"
"sapato michelle";100;0;1;0;"01/11/2017";"3ª semana";"19/11/2017";"compras";"2017-11-01";"2017-11-19"
"saque";50;0;1;0;"01/11/2017";"3ª semana";"21/11/2017";"saque";"2017-11-01";"2017-11-21"
"suco";4;0;1;0;"01/11/2017";"3ª semana";"21/11/2017";"alimentação";"2017-11-01";"2017-11-21"
"janta ragazzo";"9.5";0;1;0;"01/11/2017";"3ª semana";"21/11/2017";"alimentação";"2017-11-01";"2017-11-21"
"janta ragazzo";"25.4";0;1;0;"01/11/2017";"3ª semana";"21/11/2017";"alimentação";"2017-11-01";"2017-11-21"
"mercado";"20.87";0;1;0;"01/11/2017";"3ª semana";"21/11/2017";"mercado";"2017-11-01";"2017-11-21"
"mercado";"33.5";0;1;0;"01/11/2017";"3ª semana";"21/11/2017";"mercado";"2017-11-01";"2017-11-21"
"bolacha";"8.1";0;1;0;"01/11/2017";"3ª semana";"21/11/2017";"alimentação";"2017-11-01";"2017-11-21"
"agua";3;0;1;0;"01/11/2017";"3ª semana";"22/11/2017";"alimentação";"2017-11-01";"2017-11-22"
"sorvete";"3.5";0;1;0;"01/11/2017";"3ª semana";"22/11/2017";"alimentação";"2017-11-01";"2017-11-22"
"iogurte";3;0;1;0;"01/11/2017";"3ª semana";"22/11/2017";"alimentação";"2017-11-01";"2017-11-22"
"mercado";"3.8";0;1;0;"01/11/2017";"3ª semana";"22/11/2017";"mercado";"2017-11-01";"2017-11-22"
"mercado";"17.7";0;1;0;"01/11/2017";"3ª semana";"22/11/2017";"mercado";"2017-11-01";"2017-11-22"
"cacau show";"7.9";0;1;0;"01/11/2017";"3ª semana";"24/11/2017";"alimentação";"2017-11-01";"2017-11-24"
"agua";3;0;1;0;"01/11/2017";"3ª semana";"27/11/2017";"alimentação";"2017-11-01";"2017-11-27"
"mercado";"20.5";0;1;0;"01/11/2017";"3ª semana";"27/11/2017";"mercado";"2017-11-01";"2017-11-27"
"almoço";26;0;1;0;"01/11/2017";"3ª semana";"28/11/2017";"alimentação";"2017-11-01";"2017-11-28"
"bolacha / gatorate";"28.28";0;1;0;"01/11/2017";"3ª semana";"28/11/2017";"alimentação";"2017-11-01";"2017-11-28"
"mercado";"7.9";0;1;0;"01/11/2017";"3ª semana";"28/11/2017";"mercado";"2017-11-01";"2017-11-28"
"trident";4;0;1;0;"01/11/2017";"3ª semana";"29/11/2017";"alimentação";"2017-11-01";"2017-11-29"
"agua";5;0;1;0;"01/11/2017";"3ª semana";"29/11/2017";"alimentação";"2017-11-01";"2017-11-29"
"alimentacao";"4.5";0;1;0;"01/11/2017";"3ª semana";"29/11/2017";"alimentação";"2017-11-01";"2017-11-29"
"alimentacao";"3.5";0;1;0;"01/11/2017";"3ª semana";"30/11/2017";"alimentação";"2017-11-01";"2017-11-30"
"milkshake";16;0;1;0;"01/11/2017";"3ª semana";"30/11/2017";"alimentação";"2017-11-01";"2017-11-30"
"suco";4;0;1;0;"01/11/2017";"3ª semana";"30/11/2017";"alimentação";"2017-11-01";"2017-11-30"
"alimentacao";"4.9";0;1;0;"01/11/2017";"3ª semana";"30/11/2017";"alimentação";"2017-11-01";"2017-11-30"
"pizza huts";"7.9";0;1;0;"01/11/2017";"3ª semana";"30/11/2017";"alimentação";"2017-11-01";"2017-11-30"
"taxa conta corrente";"69.95";1;0;0;"01/12/2017";"1ª semana";"04/12/2017";"banco";"2017-12-01";"2017-12-04"
"net";"199.8";1;0;0;"01/12/2017";"1ª semana";"08/12/2017";"moradia";"2017-12-01";"2017-12-08"
"alugel casa";900;1;0;0;"01/12/2017";"1ª semana";"08/12/2017";"moradia";"2017-12-01";"2017-12-08"
"condominio";303;1;0;0;"01/12/2017";"1ª semana";"08/12/2017";"moradia";"2017-12-01";"2017-12-08"
"parc 01/06 reforma hall";25;1;0;0;"01/12/2017";"1ª semana";"08/12/2017";"moradia";"2017-12-01";"2017-12-08"
"repassa arera geral";"154.52";1;0;0;"01/12/2017";"1ª semana";"08/12/2017";"moradia";"2017-12-01";"2017-12-08"
"leitura gas";"3.6";1;0;0;"01/12/2017";"1ª semana";"08/12/2017";"moradia";"2017-12-01";"2017-12-08"
"com. Gas";"54.56";1;0;0;"01/12/2017";"1ª semana";"08/12/2017";"moradia";"2017-12-01";"2017-12-08"
"luz";100;1;0;1;"01/12/2017";"3ª semana";"20/12/2017";"moradia";"2017-12-01";"2017-12-20"
"cartão de credito";"2393.2";1;0;1;"01/12/2017";"2ª semana";"15/12/2017";"cartão credito";"2017-12-01";"2017-12-15"
"portoseguro";"32.89";1;0;1;"01/12/2017";"2ª semana";"15/12/2017";"cartão credito";"2017-12-01";"2017-12-15"
"consorcio";"658.67";1;0;0;"01/12/2017";"2ª semana";"15/12/2017";"investimento";"2017-12-01";"2017-12-15"
"contador";158;1;0;1;"01/12/2017";"2ª semana";"15/12/2017";"contador";"2017-12-01";"2017-12-15"
"sptransp";300;1;0;0;"01/12/2017";"1ª semana";"07/12/2017";"transporte";"2017-12-01";"2017-12-07"
"SEGURO CARTÃO";"6.03";1;0;1;"01/12/2017";"2ª semana";"15/12/2017";"banco";"2017-12-01";"2017-12-15"
"UNICEF";50;1;0;1;"01/12/2017";"2ª semana";"15/12/2017";"doação";"2017-12-01";"2017-12-15"
"alimentacao";4;0;1;0;"01/12/2017";"1ª semana";"01/12/2017";"alimentação";"2017-12-01";"2017-12-01"
"iof";"8.54";0;1;0;"01/12/2017";"1ª semana";"04/12/2017";"banco";"2017-12-01";"2017-12-04"
"academia";70;0;1;0;"01/12/2017";"1ª semana";"04/12/2017";"compras";"2017-12-01";"2017-12-04"
"benção";50;0;1;0;"01/12/2017";"1ª semana";"04/12/2017";"igreja";"2017-12-01";"2017-12-04"
"saque";80;0;1;0;"01/12/2017";"1ª semana";"04/12/2017";"saque";"2017-12-01";"2017-12-04"
"feira";50;0;1;0;"01/12/2017";"1ª semana";"04/12/2017";"feira";"2017-12-01";"2017-12-04"
"vitamina";5;0;1;0;"01/12/2017";"1ª semana";"04/12/2017";"alimentação";"2017-12-01";"2017-12-04"
"lis/juros 17 dias";"93.82";0;1;0;"01/12/2017";"1ª semana";"05/12/2017";"banco";"2017-12-01";"2017-12-05"
"café e cia";5;0;1;0;"01/12/2017";"1ª semana";"05/12/2017";"alimentação";"2017-12-01";"2017-12-05"
"iogurte";"3.85";0;1;0;"01/12/2017";"1ª semana";"05/12/2017";"alimentação";"2017-12-01";"2017-12-05"
"suco";4;0;1;0;"01/12/2017";"1ª semana";"05/12/2017";"alimentação";"2017-12-01";"2017-12-05"
"agua";3;0;1;0;"01/12/2017";"2ª semana";"05/12/2017";"alimentação";"2017-12-01";"2017-12-05"
"drogaria";30;0;1;0;"01/12/2017";"2ª semana";"05/12/2017";"farmacia";"2017-12-01";"2017-12-05"
"drogaria";"2.01";0;1;0;"01/12/2017";"2ª semana";"05/12/2017";"farmacia";"2017-12-01";"2017-12-05"
"retro";7;0;1;0;"01/12/2017";"2ª semana";"05/12/2017";"compras";"2017-12-01";"2017-12-05"
"mercado";"7.97";0;1;0;"01/12/2017";"2ª semana";"05/12/2017";"mercado";"2017-12-01";"2017-12-05"
"drogaria";"9.9";0;1;0;"01/12/2017";"2ª semana";"05/12/2017";"farmacia";"2017-12-01";"2017-12-05"
"mercado";"14.49";0;1;0;"01/12/2017";"2ª semana";"05/12/2017";"mercado";"2017-12-01";"2017-12-05"
"agua";3;0;1;0;"01/12/2017";"2ª semana";"05/12/2017";"alimentação";"2017-12-01";"2017-12-05"
"bolacha chocolate";"26.97";0;1;0;"01/12/2017";"2ª semana";"05/12/2017";"alimentação";"2017-12-01";"2017-12-05"
"suco";4;0;1;0;"01/12/2017";"2ª semana";"05/12/2017";"alimentação";"2017-12-01";"2017-12-05"
"cereal";"13.3";0;1;0;"01/12/2017";"2ª semana";"05/12/2017";"alimentação";"2017-12-01";"2017-12-05"
"açai";12;0;1;0;"01/12/2017";"2ª semana";"05/12/2017";"alimentação";"2017-12-01";"2017-12-05"
"saque";100;0;1;0;"01/12/2017";"2ª semana";"09/12/2017";"saque";"2017-12-01";"2017-12-09"
