"descrição";"data";"lançamento";"ag./origem";"valor (R$)";"valor_convertido_saida (R$)";"valor_convertido_entrada (R$)";"REF"
"saldo";"31/12/2020";"SALDO ANTERIOR";;-1233,47;0;0;01/01/2021
"padaria";"04/01/2021";"ELECTRONARIZONA PAE";"9212";-6,18;6,18;0;01/01/2021
"farmacia";"04/01/2021";"ELECTRONDROGARIA PR";"9212";-20,78;20,78;0;01/01/2021
"compras";"04/01/2021";"ELECTRONM A KOCH LA";"9212";-40;40;0;01/01/2021
"padaria";"04/01/2021";"ELECTRONPANIFICADOR";"9212";-7;7;0;01/01/2021
"alimentação";"04/01/2021";"ELECTRONRAGAZZO";"9212";-29,4;29,4;0;01/01/2021
"mercado";"04/01/2021";"ELECTRONTRIMAIS SUP";"9212";-22,62;22,62;0;01/01/2021
"mercado";"04/01/2021";"ELECTRONTRIMAIS SUP";"9212";-4,38;4,38;0;01/01/2021
"banco";"04/01/2021";"IOF";;-5,73;5,73;0;01/01/2021
"saldo";"04/01/2021";"SALDO DO DIA";;-1369,56;0;0;01/01/2021
"creche";"05/01/2021";"INT  PAG TIT BANCO 077";"4175";-422;422;0;01/01/2021
"juros";"05/01/2021";"LIS/JUROS     11 DIAS";;-26,09;26,09;0;01/01/2021
"banco";"05/01/2021";"TAR PACOTE ITAU   DEZ/20";"9293";-79,5;79,5;0;01/01/2021
"saldo";"05/01/2021";"SALDO DO DIA";;-1897,15;0;0;01/01/2021
"agua";"06/01/2021";"ELECTRONBD";"9212";-10;10;0;01/01/2021
"farmacia";"06/01/2021";"ELECTRONDROGARIA PR";"9212";-21,99;21,99;0;01/01/2021
"saldo";"06/01/2021";"SALDO DO DIA";;-1929,14;0;0;01/01/2021
"celular";"07/01/2021";"INT NEXTEL 9899999691047";"4175";-97,1;97,1;0;01/01/2021
"celular";"07/01/2021";"INT NEXTEL 9899999691090";"4175";-61,5;61,5;0;01/01/2021
"compras";"07/01/2021";"ELECTRONMARIA ELENA";"9212";-9,85;9,85;0;01/01/2021
"salario";"07/01/2021";"TED 237.2846ANDRE N BARB";;422,21;0;422,21;01/01/2021
"saldo";"07/01/2021";"SALDO DO DIA";;-1675,38;0;0;01/01/2021
"condominio";"11/01/2021";"INT PAG TIT 109038470523";"4175";-464,17;464,17;0;01/01/2021
"compras";"11/01/2021";"SAQUE 24H 18100537";"5086";-50;50;0;01/01/2021
"poupatempo rg";"11/01/2021";"INT SEFAZ-SP/DARE 210590";"4175";-43,64;43,64;0;01/01/2021
"agua";"11/01/2021";"ELECTRONBD";"9212";-10;10;0;01/01/2021
"compras";"11/01/2021";"ELECTRONDONAJU";"9212";-71;71;0;01/01/2021
"farmacia";"11/01/2021";"ELECTRONDROGARIA PR";"9212";-39,58;39,58;0;01/01/2021
"compras";"11/01/2021";"ELECTRONDU MORBAII";"9212";-10;10;0;01/01/2021
"compras";"11/01/2021";"ELECTRONEVANDRO G N";"9212";-21;21;0;01/01/2021
"compras";"11/01/2021";"ELECTRONFURACAO DA";"9212";-14,5;14,5;0;01/01/2021
"feira";"11/01/2021";"ELECTRONPAG*galasso";"9212";-8;8;0;01/01/2021
"feira";"11/01/2021";"ELECTRONPAG*Rosange";"9212";-6;6;0;01/01/2021
"feira";"11/01/2021";"ELECTRONPAG*SidneyD";"9212";-8;8;0;01/01/2021
"feira";"11/01/2021";"ELECTRONPAG*Verdura";"9212";-5;5;0;01/01/2021
"frango";"11/01/2021";"ELECTRONREINALDO DE";"9212";-50;50;0;01/01/2021
"compras";"11/01/2021";"ELECTRONSILVIO NAKA";"9212";-64,34;64,34;0;01/01/2021
"mercado";"11/01/2021";"ELECTRONSONDA JACAN";"9212";-81,46;81,46;0;01/01/2021
"mercado";"11/01/2021";"ELECTRONTRIMAIS SUP";"9212";-51,43;51,43;0;01/01/2021
"banco";"11/01/2021";"SEGURO CARTAO";"9293";-6,61;6,61;0;01/01/2021
"doação";"11/01/2021";"DEB AUTOR UNICEF";"9293";-75;75;0;01/01/2021
"saldo";"11/01/2021";"SALDO DO DIA";;-2755,11;0;0;01/01/2021
"farmacia";"13/01/2021";"ELECTRONDROGARIA MA";"9212";-5,75;5,75;0;01/01/2021
"mercado";"13/01/2021";"ELECTRONMINI MERCAD";"9212";-36,5;36,5;0;01/01/2021
"mercado";"13/01/2021";"ELECTRONPAG*Josisma";"9212";-2;2;0;01/01/2021
"mercado";"13/01/2021";"ELECTRONTRIMAIS SUP";"9212";-70,47;70,47;0;01/01/2021
"saldo";"13/01/2021";"SALDO DO DIA";;-2869,83;0;0;01/01/2021
"multa";"14/01/2021";"INT IPVA-SP HOH-6396";"4175";-971;971;0;01/01/2021
"multa";"14/01/2021";"INT MULTA SP 31997756838";"4175";-134,5;134,5;0;01/01/2021
"saldo";"14/01/2021";"SALDO DO DIA";;-3975,33;0;0;01/01/2021
"farmacia";"15/01/2021";"ELECTRONDROGARIA SA";"9212";-11,98;11,98;0;01/01/2021
"salario";"15/01/2021";"TED 237.2846ANDRE N BARB";;5392;0;5392;01/01/2021
"saldo";"15/01/2021";"SDO CTA/APL AUTOMATICAS";;1404,69;0;0;01/01/2021
"saque";"18/01/2021";"SAQUE 24H 11770278 17/01";"5086";-100;100;0;01/01/2021
"farmacia";"18/01/2021";"ELECTRONDROGARIA PR";"9212";-57,23;57,23;0;01/01/2021
"farmacia";"18/01/2021";"ELECTRONDROGARIA PR";"9212";-41,86;41,86;0;01/01/2021
"estacionamento";"18/01/2021";"ELECTRONESTAPAR SHO";"9212";-13;13;0;01/01/2021
"alimentação";"18/01/2021";"ELECTRONFENIX";"9212";-69;69;0;01/01/2021
"compras";"18/01/2021";"ELECTRONLOJAS AMERI";"9212";-12,97;12,97;0;01/01/2021
"compras";"18/01/2021";"ELECTRONLOUCADEMIA";"9212";-67;67;0;01/01/2021
"compras";"18/01/2021";"ELECTRONMARELLAS CA";"9212";-6;6;0;01/01/2021
"compras";"18/01/2021";"ELECTRONMARELLAS CA";"9212";-14;14;0;01/01/2021
"frango";"18/01/2021";"ELECTRONPAG*Frigott";"9212";-50;50;0;01/01/2021
"compras";"18/01/2021";"ELECTRONSHOPPING CE";"9212";-40,2;40,2;0;01/01/2021
"compras";"18/01/2021";"ELECTRONSONEDA PERF";"9212";-79,74;79,74;0;01/01/2021
"mercado";"18/01/2021";"ELECTRONTRIMAIS SUP";"9212";-81,21;81,21;0;01/01/2021
"mercado";"18/01/2021";"ELECTRONTRIMAIS SUP";"9212";-108,94;108,94;0;01/01/2021
"mercado";"18/01/2021";"ELECTRONTRIMAIS SUP";"9212";-17,43;17,43;0;01/01/2021
"mercado";"18/01/2021";"ELECTRONYINGXUE MA";"9212";-12;12;0;01/01/2021
"cartão de credito";"18/01/2021";"INT ITAUCARD";"4175";-7685,86;7685,86;0;01/01/2021
"resgate";"18/01/2021";"TBI 9293.22915-0/500";"4175";7000;0;7000;01/01/2021
"saldo";"18/01/2021";"SALDO DO DIA";;-51,75;0;0;01/01/2021
"mercado";"19/01/2021";"ELECTRONTRIMAIS SUP";"9212";-35,84;35,84;0;01/01/2021
"saldo";"19/01/2021";"SALDO DO DIA";;-87,59;0;0;01/01/2021
"mercado";"20/01/2021";"ELECTRONTRIMAIS SUP";"9212";-103,39;103,39;0;01/01/2021
"saldo";"20/01/2021";"SALDO DO DIA";;-190,98;0;0;01/01/2021
"agua";"22/01/2021";"ELECTRONBD";"9212";-10;10;0;01/01/2021
"compras";"22/01/2021";"ELECTRONPERFUMARIA";"9212";-31,7;31,7;0;01/01/2021
"mercado";"22/01/2021";"ELECTRONTRIMAIS SUP";"9212";-170,07;170,07;0;01/01/2021
"saldo";"22/01/2021";"SALDO DO DIA";;-402,75;0;0;01/01/2021
"saque";"26/01/2021";"SAQUE 24H 10758613 24/01";"5086";-100;100;0;01/01/2021
"compras";"26/01/2021";"ELECTRONA POSTO JD";"9212";-6,25;6,25;0;01/01/2021
"farmacia";"26/01/2021";"ELECTRONDROG SAO PA";"9212";-17,9;17,9;0;01/01/2021
"farmacia";"26/01/2021";"ELECTRONFARMACIAS P";"9212";-5,99;5,99;0;01/01/2021
"compras";"26/01/2021";"ELECTRONINDIGO";"9212";-14;14;0;01/01/2021
"compras";"26/01/2021";"ELECTRONLILIANE AYU";"9212";-7;7;0;01/01/2021
"lazer";"26/01/2021";"ELECTRONMARGINAL GR";"9212";-140;140;0;01/01/2021
"compras";"26/01/2021";"ELECTRONPAG*galasso";"9212";-5,01;5,01;0;01/01/2021
"compras";"26/01/2021";"ELECTRONPAG*galasso";"9212";-5;5;0;01/01/2021
"frango";"26/01/2021";"ELECTRONPAG*Frigott";"9212";-50;50;0;01/01/2021
"alimentação";"26/01/2021";"ELECTRONRAVIOLITALI";"9212";-55,15;55,15;0;01/01/2021
"mercado";"26/01/2021";"ELECTRONTRIMAIS SUP";"9212";-73,55;73,55;0;01/01/2021
"mercado";"26/01/2021";"ELECTRONTRIMAIS SUP";"9212";-104,74;104,74;0;01/01/2021
"cabeleireiro";"26/01/2021";"PIX TRANSF  ALEXAND23/01";"9026";-25;25;0;01/01/2021
"deposito";"26/01/2021";"TBI 0747.56106-6     C/C";"4175";200;0;200;01/01/2021
"saldo";"26/01/2021";"SALDO DO DIA";;-812,34;0;0;01/01/2021
"farmacia";"27/01/2021";"ELECTRONFARMACIA IN";"9212";-7;7;0;01/01/2021
"farmacia";"27/01/2021";"ELECTRONPAG*Farmaco";"9212";-31,06;31,06;0;01/01/2021
"saldo";"27/01/2021";"SALDO DO DIA";;-850,4;0;0;01/01/2021
"gasolina";"28/01/2021";"ELECTRONAUTO POSTO";"9212";-13,99;13,99;0;01/01/2021
"farmacia";"28/01/2021";"ELECTRONPROMOFARMA";"9212";-52,88;52,88;0;01/01/2021
"farmacia";"28/01/2021";"ELECTRONRAIA 47";"9212";-7,29;7,29;0;01/01/2021
"compras";"28/01/2021";"ELECTRONRIO CONTENS";"9212";-11;11;0;01/01/2021
"saldo";"28/01/2021";"SALDO DO DIA";;-935,56;0;0;01/01/2021
"agua";"29/01/2021";"ELECTRONBD";"9212";-11;11;0;01/01/2021
"compras";"29/01/2021";"ELECTRONPAG*MONICAP";"9212";-14,9;14,9;0;01/01/2021
"saldo";"29/01/2021";"SALDO ANTERIOR";;;0;0;01/02/2021
"saque";"01/02/2021";"SAQUE 24H 12244067 31/01";"5086";-100;100;0;01/02/2021
"padaria";"01/02/2021";"ELECTRONARIZONA PAE";"9212";-12,9;12,9;0;01/02/2021
"padaria";"01/02/2021";"ELECTRONARIZONA PAE";"9212";-6,71;6,71;0;01/02/2021
"alimentação";"01/02/2021";"ELECTRONAV ZACHI NA";"9212";-61,2;61,2;0;01/02/2021
"agua";"01/02/2021";"ELECTRONBD";"9212";-11;11;0;01/02/2021
"farmacia";"01/02/2021";"ELECTRONDROGARIA PR";"9212";-39,96;39,96;0;01/02/2021
"alimentação";"01/02/2021";"ELECTRONFERNANDA GO";"9212";-46,4;46,4;0;01/02/2021
"frango";"01/02/2021";"ELECTRONPAG*Frigott";"9212";-50;50;0;01/02/2021
"salario";"01/02/2021";"PIX TRANSF  ANDRE N31/01";"9028";1;0;1;01/02/2021
"salario";"01/02/2021";"PIX TRANSF  ANDRE N31/01";"9129";4303,32;0;4303,32;01/02/2021
"banco";"01/02/2021";"IOF";;-17,95;17,95;0;01/02/2021
"saldo";"01/02/2021";"SDO CTA/APL AUTOMATICAS";;;0;0;01/02/2021
"poupança";"02/02/2021";"TBI 9293.22915-0/500";"4175";-2000;2000;0;01/02/2021
"mercado";"02/02/2021";"ELECTRONTRIMAIS SUP";"9212";-48,48;48,48;0;01/02/2021
"benção";"02/02/2021";"PIX TRANSF  Ana Mar02/02";"9132";-50;50;0;01/02/2021
"reembolso";"02/02/2021";"TED 237.0001BRADESCO SAU";;150;0;150;01/02/2021
"banco";"02/02/2021";"TAR PACOTE ITAU   JAN/21";"9293";-79,5;79,5;0;01/02/2021
"saldo";"02/02/2021";"SDO CTA/APL AUTOMATICAS";;;0;0;01/02/2021
"saldo";"03/02/2021";"SDO CTA/APL AUTOMATICAS";;;0;0;01/02/2021
"farmacia";"04/02/2021";"ELECTRONFARMAVAN XI";"9212";-16,99;16,99;0;01/02/2021
"seminario";"04/02/2021";"INT TED  467957";"4175";-340;340;0;01/02/2021
"saldo";"04/02/2021";"SDO CTA/APL AUTOMATICAS";;;0;0;01/02/2021
"agua";"05/02/2021";"ELECTRONBD";"9212";-11;11;0;01/02/2021
"michelle";"05/02/2021";"ELECTRONSALAO FERNA";"9212";-40;40;0;01/02/2021
"banco";"05/02/2021";"LIS/JUROS     24 DIAS";;-87,3;87,3;0;01/02/2021
"saldo";"05/02/2021";"SDO CTA/APL AUTOMATICAS";;;0;0;01/02/2021
"condominio";"08/02/2021";"INT PAG TIT 109046299963";"4175";-493,44;493,44;0;01/02/2021
"creche";"08/02/2021";"INT  PAG TIT BANCO 077";"4175";-542;542;0;01/02/2021
"celular";"08/02/2021";"INT NEXTEL 9099999687157";"4175";-88,76;88,76;0;01/02/2021
"gasolina";"08/02/2021";"ELECTRONAUTO POSTO";"9212";-31,9;31,9;0;01/02/2021
"compras";"08/02/2021";"ELECTRONBREADS VALL";"9212";-8;8;0;01/02/2021
"compras";"08/02/2021";"ELECTRONCENTER CHIC";"9212";-5;5;0;01/02/2021
"compras";"08/02/2021";"ELECTRONCONFECCOES";"9212";-34,99;34,99;0;01/02/2021
"farmacia";"08/02/2021";"ELECTRONDROGARIA PR";"9212";-86,88;86,88;0;01/02/2021
"compras";"08/02/2021";"ELECTRONFERNANDA GO";"9212";-25,8;25,8;0;01/02/2021
"compras";"08/02/2021";"ELECTRONFERNANDA GO";"9212";-102,5;102,5;0;01/02/2021
"mercado";"08/02/2021";"ELECTRONTRIMAIS SUP";"9212";-189,69;189,69;0;01/02/2021
"rembolso";"08/02/2021";"TED 237.0001BRADESCO SAU";;353;0;353;01/02/2021
"tapete";"08/02/2021";"PIX TRANSF  EDUARDO06/02";"9327";32,86;0;32,86;01/02/2021
"saldo";"08/02/2021";"SALDO DO DIA";;;0;0;01/02/2021
"celular";"09/02/2021";"INT NEXTEL 9499999687161";"4175";-53,32;53,32;0;01/02/2021
"farmacia";"09/02/2021";"ELECTRONDROGARIA PR";"9212";-66,12;66,12;0;01/02/2021
"saldo";"09/02/2021";"SALDO DO DIA";;;0;0;01/02/2021
"banco";"10/02/2021";"SEGURO CARTAO";"9293";-6,61;6,61;0;01/02/2021
"saldo";"10/02/2021";"SALDO DO DIA";;;0;0;01/02/2021
"enfermagem";"11/02/2021";"INT PAG TIT 109006113573";"4175";-443,34;443,34;0;01/02/2021
"compras";"11/02/2021";"ELECTRONBD";"9212";-11;11;0;01/02/2021
"mercado";"11/02/2021";"ELECTRONTRIMAIS SUP";"9212";-182,23;182,23;0;01/02/2021
"doação";"11/02/2021";"DEB AUTOR UNICEF";"9293";-75;75;0;01/02/2021
"saldo";"11/02/2021";"SALDO DO DIA";;;0;0;01/02/2021
"compras";"12/02/2021";"ELECTRONBETTER INFO";"9212";-19,9;19,9;0;01/02/2021
"compras";"12/02/2021";"ELECTRONPAG*MONICAP";"9212";-11,9;11,9;0;01/02/2021
"mercado";"12/02/2021";"ELECTRONSONDA TREME";"9212";-17,28;17,28;0;01/02/2021
"mercado";"12/02/2021";"ELECTRONTRIMAIS SUP";"9212";-68,98;68,98;0;01/02/2021
"saldo";"12/02/2021";"SALDO DO DIA";;;0;0;01/02/2021
"saque";"17/02/2021";"SAQUE 24H 11104585 14/02";"5086";-150;150;0;01/02/2021
"agua";"17/02/2021";"ELECTRONBD";"9212";-11;11;0;01/02/2021
"farmacia";"17/02/2021";"ELECTRONDROGARIA PR";"9212";-43,18;43,18;0;01/02/2021
"compras";"17/02/2021";"ELECTRONESPORT SCAP";"9212";-30;30;0;01/02/2021
"alimentação";"17/02/2021";"ELECTRONHABIBS";"9212";-14,2;14,2;0;01/02/2021
"alimentação";"17/02/2021";"ELECTRONIMW 3 R VIL";"9212";-50;50;0;01/02/2021
"roupa";"17/02/2021";"ELECTRONLOJAS RENNE";"9212";-20;20;0;01/02/2021
"padaria";"17/02/2021";"ELECTRONPAES E DOCE";"9212";-13;13;0;01/02/2021
"frango";"17/02/2021";"ELECTRONPAG*Frigott";"9212";-68;68;0;01/02/2021
"compras";"17/02/2021";"ELECTRONPAG*MONICAP";"9212";-9,9;9,9;0;01/02/2021
"compras";"17/02/2021";"ELECTRONPAG*Rufplas";"9212";-11;11;0;01/02/2021
"farmacia";"17/02/2021";"ELECTRONPROMOFARMA";"9212";-1,29;1,29;0;01/02/2021
"farmacia";"17/02/2021";"ELECTRONPROMOFARMA";"9212";-20,69;20,69;0;01/02/2021
"mercado";"17/02/2021";"ELECTRONTRIMAIS SUP";"9212";-59,02;59,02;0;01/02/2021
"mercado";"17/02/2021";"ELECTRONTRIMAIS SUP";"9212";-39,51;39,51;0;01/02/2021
"mercado";"17/02/2021";"ELECTRONTRIMAIS SUP";"9212";-247,87;247,87;0;01/02/2021
"cartão de credito";"17/02/2021";"INT ITAUCARD";"4175";-3626,45;3626,45;0;01/02/2021
"resgate";"17/02/2021";"TBI 9293.22915-0/500";"4175";1000;0;1000;01/02/2021
"tapete";"17/02/2021";"PIX QRS CLAUDIO DOU13/02";"9136";40;0;40;01/02/2021
"salario";"17/02/2021";"PIX TRANSF  ANDRE N15/02";"9132";5000;0;5000;01/02/2021
"saldo";"17/02/2021";"SALDO DO DIA";;;0;0;01/02/2021
"mercado";"18/02/2021";"ELECTRONTRIMAIS SUP";"9212";-48,63;48,63;0;01/02/2021
"cabeleireiro";"18/02/2021";"PIX TRANSF  ALEXAND18/02";"9131";-25;25;0;01/02/2021
"saldo";"18/02/2021";"SALDO DO DIA";;;0;0;01/02/2021
"compras";"19/02/2021";"ELECTRONCENTER CHIC";"9212";-18;18;0;01/02/2021
"compras";"19/02/2021";"ELECTRONM A KOCH LA";"9212";-45;45;0;01/02/2021
"farmacia";"19/02/2021";"ELECTRONPROMOFARMA";"9212";-40,78;40,78;0;01/02/2021
"mercado";"19/02/2021";"ELECTRONTRIMAIS SUP";"9212";-31,63;31,63;0;01/02/2021
"saldo";"19/02/2021";"SALDO DO DIA";;;0;0;01/02/2021
"saque";"22/02/2021";"SAQUE 24H 12763504 21/02";"5086";-100;100;0;01/02/2021
"compras";"22/02/2021";"ELECTRONDONAJU";"9212";-96;96;0;01/02/2021
"alimentação";"22/02/2021";"ELECTRONHABIB S";"9212";-72,27;72,27;0;01/02/2021
"alimentação";"22/02/2021";"ELECTRONMERCPAGO";"9212";-4,5;4,5;0;01/02/2021
"frango";"22/02/2021";"ELECTRONPAG*Frigott";"9212";-79;79;0;01/02/2021
"farmacia";"22/02/2021";"ELECTRONR C P FARMA";"9212";-16,94;16,94;0;01/02/2021
"compras";"22/02/2021";"ELECTRONSONEDA PERF";"9212";-110,67;110,67;0;01/02/2021
"compras";"22/02/2021";"PIX TRANSF  ANDRE N21/02";"9014";392;0;392;01/02/2021
"saldo";"22/02/2021";"SALDO DO DIA";;;0;0;01/02/2021
"mercado";"23/02/2021";"ELECTRONSONDA TREME";"9212";-31,7;31,7;0;01/02/2021
"saldo";"23/02/2021";"SALDO DO DIA";;;0;0;01/02/2021
"estacionamento";"24/02/2021";"ELECTRONPARK NOW ES";"9212";-5;5;0;01/02/2021
"saldo";"24/02/2021";"SALDO DO DIA";;;0;0;01/02/2021
"compras";"25/02/2021";"ELECTRONJEFFERSON*j";"9212";-6;6;0;01/02/2021
"compras";"25/02/2021";"ELECTRONPAG*galasso";"9212";-5;5;0;01/02/2021
"compras";"25/02/2021";"ELECTRONPASTEIS SON";"9212";-7;7;0;01/02/2021
"compras";"25/02/2021";"ELECTRONROSANGELA F";"9212";-5;5;0;01/02/2021
"mercado";"25/02/2021";"ELECTRONTRIMAIS SUP";"9212";-189,07;189,07;0;01/02/2021
"saldo";"25/02/2021";"SALDO DO DIA";;;0;0;01/02/2021
"farmacia";"26/02/2021";"ELECTRONDROGARIA PR";"9212";-52,86;52,86;0;01/02/2021
"mercado";"26/02/2021";"ELECTRONTRIMAIS SUP";"9212";-97,53;97,53;0;01/02/2021
"saldo";"28/02/2021";"SALDO DO DIA";;;0;0;01/02/2021
"saldo";"26/02/2021";"SALDO ANTERIOR";;;0;0;01/03/2021
"saque";"01/03/2021";"SAQUE 24H 11833548 28/02";"5086";-100;100;0;01/03/2021
"farmacia";"01/03/2021";"ELECTRONDROGARIA PR";"9212";-75,9;75,9;0;01/03/2021
"compras";"01/03/2021";"ELECTRONFARMACIAS P";"9212";-35,8;35,8;0;01/03/2021
"alimentação";"01/03/2021";"ELECTRONMEU CHAPA B";"9212";-63,6;63,6;0;01/03/2021
"frango";"01/03/2021";"ELECTRONPAG*Frigott";"9212";-59;59;0;01/03/2021
"compras";"01/03/2021";"ELECTRONPAG*Geraldo";"9212";-6;6;0;01/03/2021
"farmacia";"01/03/2021";"ELECTRONPROMOFARMA";"9212";-37,29;37,29;0;01/03/2021
"farmacia";"01/03/2021";"ELECTRONR C P FARMA";"9212";-90,68;90,68;0;01/03/2021
"compras";"01/03/2021";"ELECTRONW PAPER";"9212";-21,1;21,1;0;01/03/2021
"salario";"01/03/2021";"PIX TRANSF  ANDRE N27/02";"9953";3926,79;0;3926,79;01/03/2021
"banco";"01/03/2021";"IOF";;-10,58;10,58;0;01/03/2021
"saldo";"01/03/2021";"SDO CTA/APL AUTOMATICAS";;;0;0;01/03/2021
"compras";"02/03/2021";"ELECTRONPAG*MONICAP";"9212";-11,9;11,9;0;01/03/2021
"mercado";"02/03/2021";"ELECTRONTRIMAIS II";"9212";-104,22;104,22;0;01/03/2021
"banco";"02/03/2021";"TAR PACOTE ITAU   FEV/21";"9293";-79,5;79,5;0;01/03/2021
"saldo";"02/03/2021";"SDO CTA/APL AUTOMATICAS";;;0;0;01/03/2021
"enfermagem";"03/03/2021";"INT PAG TIT 109006113581";"4175";-443,34;443,34;0;01/03/2021
"condominio";"03/03/2021";"INT PAG TIT 109049905525";"4175";-496,64;496,64;0;01/03/2021
"compras";"03/03/2021";"ELECTRONPAG*DirceYu";"9212";-3;3;0;01/03/2021
"saldo";"03/03/2021";"SDO CTA/APL AUTOMATICAS";;;0;0;01/03/2021
"saque";"04/03/2021";"SAQUE 24H 10024040";"5086";-20;20;0;01/03/2021
"natação";"04/03/2021";"ELECTRONCENTAURO SH";"9212";-49,99;49,99;0;01/03/2021
"compras";"04/03/2021";"ELECTRONPAG*MONICAP";"9212";-18,4;18,4;0;01/03/2021
"michelle";"04/03/2021";"PIX TRANSF  MICHELL04/03";"9925";1000;0;1000;01/03/2021
"saldo";"04/03/2021";"SDO CTA/APL AUTOMATICAS";;;0;0;01/03/2021
"banco";"05/03/2021";"LIS/JUROS     21 DIAS";;-36,96;36,96;0;01/03/2021
"saldo";"05/03/2021";"SDO CTA/APL AUTOMATICAS";;;0;0;01/03/2021
"saque";"08/03/2021";"SAQUE 24H 16333155 07/03";"5086";-100;100;0;01/03/2021
"compras";"08/03/2021";"ELECTRONBD";"9212";-11;11;0;01/03/2021
"compras";"08/03/2021";"ELECTRONFENIX";"9212";-53;53;0;01/03/2021
"alimentação";"08/03/2021";"ELECTRONLOUCADEMIA";"9212";-40;40;0;01/03/2021
"frango";"08/03/2021";"ELECTRONPAG*Frigott";"9212";-12,6;12,6;0;01/03/2021
"mercado";"08/03/2021";"ELECTRONSONDA JACAN";"9212";-97,49;97,49;0;01/03/2021
"mercado";"08/03/2021";"ELECTRONTRIMAIS II";"9212";-250,31;250,31;0;01/03/2021
"saldo";"08/03/2021";"SDO CTA/APL AUTOMATICAS";;;0;0;01/03/2021
"saldo";"09/03/2021";"SDO CTA/APL AUTOMATICAS";;;0;0;01/03/2021
"banco";"10/03/2021";"SEGURO CARTAO";"9293";-6,61;6,61;0;01/03/2021
"saldo";"10/03/2021";"SDO CTA/APL AUTOMATICAS";;;0;0;01/03/2021
"farmacia";"11/03/2021";"ELECTRONPROMOFARMA";"9212";-12,69;12,69;0;01/03/2021
"mercado";"11/03/2021";"ELECTRONTRIMAIS II";"9212";-65,21;65,21;0;01/03/2021
"mercado";"11/03/2021";"ELECTRONTRIMAIS II";"9212";-192,66;192,66;0;01/03/2021
"saldo";"11/03/2021";"SDO CTA/APL AUTOMATICAS";;;0;0;01/03/2021
"celular";"12/03/2021";"INT NEXTEL 9299999684097";"4175";-51;51;0;01/03/2021
"celular";"12/03/2021";"INT NEXTEL 9899999684073";"4175";-85;85;0;01/03/2021
"seminario";"12/03/2021";"PIX TRANSF  IGREJA 12/03";"9136";-385,75;385,75;0;01/03/2021
"benção";"12/03/2021";"DEB AUTOR UNICEF";"9293";-75;75;0;01/03/2021
"saldo";"12/03/2021";"SDO CTA/APL AUTOMATICAS";;;0;0;01/03/2021
"padaria";"15/03/2021";"ELECTRONARIZONA PAE";"9212";-3,76;3,76;0;01/03/2021
"agua";"15/03/2021";"ELECTRONBD";"9212";-11;11;0;01/03/2021
"compras";"15/03/2021";"ELECTRONFERNANDA GO";"9212";-29;29;0;01/03/2021
"compras";"15/03/2021";"ELECTRONLOUCADEMIA";"9212";-60;60;0;01/03/2021
"mercado";"15/03/2021";"ELECTRONTRIMAIS II";"9212";-107,71;107,71;0;01/03/2021
"cartão de credito";"15/03/2021";"INT ITAUCARD";"4175";-3876,74;3876,74;0;01/03/2021
"salario";"15/03/2021";"PIX TRANSF  ANDRE N15/03";"9028";5392;0;5392;01/03/2021
"saldo";"15/03/2021";"SDO CTA/APL AUTOMATICAS";;;0;0;01/03/2021
"igreja";"16/03/2021";"PIX TRANSF  IMW 3 R16/03";"9123";-539,2;539,2;0;01/03/2021
"saldo";"16/03/2021";"SDO CTA/APL AUTOMATICAS";;;0;0;01/03/2021
"gasolina";"17/03/2021";"ELECTRONAUTO POSTO";"9212";-14,22;14,22;0;01/03/2021
"igreja";"17/03/2021";"ELECTRONBIBLIA CULT";"9212";-46;46;0;01/03/2021
"saldo";"17/03/2021";"SDO CTA/APL AUTOMATICAS";;;0;0;01/03/2021
"farmacia";"18/03/2021";"ELECTRONDROGARIA PR";"9212";-23,99;23,99;0;01/03/2021
"saldo";"18/03/2021";"SDO CTA/APL AUTOMATICAS";;;0;0;01/03/2021
"compras";"19/03/2021";"ELECTRONAUTOPASS";"9212";-4,4;4,4;0;01/03/2021
"alimentação";"19/03/2021";"ELECTRONLOJASMEL SA";"9212";-19,98;19,98;0;01/03/2021
"alimentação";"19/03/2021";"ELECTRONLOJASMEL SA";"9212";-32,97;32,97;0;01/03/2021
"saldo";"19/03/2021";"SDO CTA/APL AUTOMATICAS";;;0;0;01/03/2021
"seguro";"22/03/2021";"INT  PAG TIT BANCO 237";"4175";-240,13;240,13;0;01/03/2021
"agua";"22/03/2021";"ELECTRONBD";"9212";-11;11;0;01/03/2021
"compras";"22/03/2021";"ELECTRONEVANDRO G N";"9212";-27;27;0;01/03/2021
"feira";"22/03/2021";"ELECTRONFEIRANTE";"9212";-15;15;0;01/03/2021
"alimentação";"22/03/2021";"ELECTRONINOVESORVET";"9212";-16;16;0;01/03/2021
"compras";"22/03/2021";"ELECTRONPAG*CleliaA";"9212";-23;23;0;01/03/2021
"frango";"22/03/2021";"ELECTRONPAG*Frigott";"9212";-50;50;0;01/03/2021
"compras";"22/03/2021";"ELECTRONSERGIO EIZO";"9212";-12;12;0;01/03/2021
"mercado";"22/03/2021";"ELECTRONTRIMAIS II";"9212";-44,18;44,18;0;01/03/2021
"reembolso";"22/03/2021";"PIX TRANSF  GINENUT20/03";"9131";-326,5;326,5;0;01/03/2021
"saldo";"22/03/2021";"SDO CTA/APL AUTOMATICAS";;;0;0;01/03/2021
"saldo";"23/03/2021";"SDO CTA/APL AUTOMATICAS";;;0;0;01/03/2021
"saldo";"24/03/2021";"SDO CTA/APL AUTOMATICAS";;;0;0;01/03/2021
"compras";"25/03/2021";"ELECTRONLOJAS AMERI";"9212";-56,18;56,18;0;01/03/2021
"saldo";"25/03/2021";"SDO CTA/APL AUTOMATICAS";;;0;0;01/03/2021
"saldo";"26/03/2021";"SDO CTA/APL AUTOMATICAS";;;0;0;01/03/2021
"saque";"29/03/2021";"SAQUE 24H 08959967 28/03";"5086";-100;100;0;01/03/2021
"compras";"29/03/2021";"ELECTRONBD";"9212";-11;11;0;01/03/2021
"compras";"29/03/2021";"ELECTRONFENIX";"9212";-68;68;0;01/03/2021
"frango";"29/03/2021";"ELECTRONPAG*Frigott";"9212";-50;50;0;01/03/2021
"saldo";"29/03/2021";"SDO CTA/APL AUTOMATICAS";;;0;0;01/03/2021
"saldo";"30/03/2021";"SDO CTA/APL AUTOMATICAS";;;0;0;01/03/2021
"igreja";"31/03/2021";"PIX TRANSF  IMW 3 R31/03";"9327";-362,4;362,4;0;01/03/2021
"compras";"31/03/2021";"PIX TRANSF  ANDRE N31/03";"9129";3624,01;0;3624,01;01/03/2021
"saldo";"31/03/2021";"SDO CTA/APL AUTOMATICAS";;;0;0;01/03/2021
"saldo";"31/03/2021";"SALDO ANTERIOR";;;0;0;01/04/2021
"padaria";"01/04/2021";"ELECTRONARIZONA PAE";"9212";-59;59;0;01/04/2021
"compras";"01/04/2021";"ELECTRONLOJAS AMERI";"9212";-124,43;124,43;0;01/04/2021
"saldo";"01/04/2021";"SDO CTA/APL AUTOMATICAS";;;0;0;01/04/2021
"condominio";"05/04/2021";"INT PAG TIT 109054906699";"4175";-485,42;485,42;0;01/04/2021
"poupança";"05/04/2021";"TBI 9293.22915-0/500";"4175";-2000;2000;0;01/04/2021
"celular";"05/04/2021";"INT NEXTEL 9099999679470";"4175";-86,87;86,87;0;01/04/2021
"celular";"05/04/2021";"INT NEXTEL 9099999679474";"4175";-52,14;52,14;0;01/04/2021
"cabeleireiro";"05/04/2021";"PIX TRANSF  ALEXAND03/04";"9123";-25;25;0;01/04/2021
"doação";"05/04/2021";"PIX TRANSF  Bruna R03/04";"9126";-100;100;0;01/04/2021
"alimentação";"05/04/2021";"PIX TRANSF  JONAS A05/04";"9120";-45;45;0;01/04/2021
"banco";"05/04/2021";"TAR PACOTE ITAU   MAR/21";"9293";-79,5;79,5;0;01/04/2021
"saldo";"05/04/2021";"REND PAGO APLIC AUT MAIS";;0,01;0;0,01;01/04/2021
"saldo";"05/04/2021";"SDO CTA/APL AUTOMATICAS";;;0;0;01/04/2021
"saldo";"06/04/2021";"SDO CTA/APL AUTOMATICAS";;;0;0;01/04/2021
"saldo";"07/04/2021";"SDO CTA/APL AUTOMATICAS";;;0;0;01/04/2021
"enfermagem";"08/04/2021";"INT PAG TIT 109006113599";"4175";-471,06;471,06;0;01/04/2021
"mercado";"08/04/2021";"ELECTRONTRIMAIS II";"9212";-92,09;92,09;0;01/04/2021
"saldo";"08/04/2021";"SDO CTA/APL AUTOMATICAS";;;0;0;01/04/2021
"saldo";"09/04/2021";"SDO CTA/APL AUTOMATICAS";;;0;0;01/04/2021
"saque";"12/04/2021";"SAQUE 24H 11261716 11/04";"5086";-100;100;0;01/04/2021
"saque";"12/04/2021";"SAQUE 24H 13658083 11/04";"5086";-40;40;0;01/04/2021
"gasolina";"12/04/2021";"ELECTRONAUTO POSTO";"9212";-12,98;12,98;0;01/04/2021
"frango";"12/04/2021";"ELECTRONPAG*Frigott";"9212";-50;50;0;01/04/2021
"alimentação";"12/04/2021";"ELECTRONPAG*Josisma";"9212";-15;15;0;01/04/2021
"banco";"12/04/2021";"SEGURO CARTAO";"9293";-6,94;6,94;0;01/04/2021
"doação";"12/04/2021";"DEB AUTOR UNICEF";"9293";-75;75;0;01/04/2021
"saldo";"12/04/2021";"SALDO DO DIA";;;0;0;01/04/2021
"padaria";"14/04/2021";"ELECTRONARIZONA PAE";"9212";-28,76;28,76;0;01/04/2021
"creche";"14/04/2021";"PIX TRANSF  ESPACO 14/04";"9126";-422;422;0;01/04/2021
"saldo";"14/04/2021";"SALDO DO DIA";;;0;0;01/04/2021
"igreja";"15/04/2021";"PIX TRANSF  IMW 3 R15/04";"9120";-539,2;539,2;0;01/04/2021
"rembolso";"15/04/2021";"TED 237.0001BRADESCO SAU";;150;0;150;01/04/2021
"compras";"15/04/2021";"PIX TRANSF  ANDRE N15/04";"9925";5392;0;5392;01/04/2021
"saldo";"15/04/2021";"SDO CTA/APL AUTOMATICAS";;;0;0;01/04/2021
"mercado";"16/04/2021";"ELECTRONTRIMAIS II";"9212";-60,08;60,08;0;01/04/2021
"cartão de credito";"16/04/2021";"INT ITAUCARD";"4175";-5465,37;5465,37;0;01/04/2021
"saldo";"16/04/2021";"SALDO DO DIA";;;0;0;01/04/2021
"padaria";"19/04/2021";"ELECTRONARIZONA PAE";"9212";-14,66;14,66;0;01/04/2021
"compras";"19/04/2021";"ELECTRONESTETICA AU";"9212";-35;35;0;01/04/2021
"compras";"19/04/2021";"ELECTRONNELSON NASC";"9212";-10;10;0;01/04/2021
"alimentação";"19/04/2021";"ELECTRONPASTEIS NIS";"9212";-8;8;0;01/04/2021
"compras";"19/04/2021";"ELECTRONSR ELIAS CH";"9212";-15;15;0;01/04/2021
"mercado";"19/04/2021";"ELECTRONTRIMAIS II";"9212";-148,19;148,19;0;01/04/2021
"saldo";"19/04/2021";"SALDO DO DIA";;;0;0;01/04/2021
"compras";"20/04/2021";"ELECTRONBELLO ART C";"9212";-33;33;0;01/04/2021
"compras";"20/04/2021";"ELECTRONMARIA DAS G";"9212";-33;33;0;01/04/2021
"mercado";"20/04/2021";"ELECTRONTRIMAIS II";"9212";-40,62;40,62;0;01/04/2021
"seguro";"20/04/2021";"DEB AUTOR AZUL CIA SEG";"9293";-238,78;238,78;0;01/04/2021
"compras";"20/04/2021";"EST ELECMARIA DAS G";"9212";33;0;33;01/04/2021
"saldo";"20/04/2021";"SALDO DO DIA";;;0;0;01/04/2021
"alimentação";"22/04/2021";"ELECTRONHABIB S";"9212";-7,8;7,8;0;01/04/2021
"saldo";"22/04/2021";"SALDO DO DIA";;;0;0;01/04/2021
"michelle";"26/04/2021";"INT DARF333202885930";"4175";-6000;6000;0;01/04/2021
"padaria";"26/04/2021";"ELECTRONARIZONA PAE";"9212";-16,89;16,89;0;01/04/2021
"compras";"26/04/2021";"ELECTRONBD";"9212";-11;11;0;01/04/2021
"compras";"26/04/2021";"ELECTRONLOUCADEMIA";"9212";-50;50;0;01/04/2021
"mercado";"26/04/2021";"ELECTRONTRIMAIS II";"9212";-80,38;80,38;0;01/04/2021
"resgate";"26/04/2021";"TBI 9293.22915-0/500";"4175";8000;0;8000;01/04/2021
"saldo";"26/04/2021";"SALDO DO DIA";;;0;0;01/04/2021
"padaria";"27/04/2021";"ELECTRONARIZONA PAE";"9212";-3,04;3,04;0;01/04/2021
"farmacia";"27/04/2021";"ELECTRONDROGARIA PR";"9212";-45,44;45,44;0;01/04/2021
"saldo";"27/04/2021";"SALDO DO DIA";;;0;0;01/04/2021
"padaria";"28/04/2021";"ELECTRONARIZONA PAE";"9212";-30,76;30,76;0;01/04/2021
"mercado";"28/04/2021";"ELECTRONTRIMAIS II";"9212";-83,92;83,92;0;01/04/2021
"compras";"28/04/2021";"SALDO DO DIA";;;0;0;01/04/2021
"mercado";"29/04/2021";"ELECTRONTRIMAIS II";"9212";-15,13;15,13;0;01/04/2021
"saldo";"29/04/2021";"SALDO DO DIA";"9212";-15,13;0;0;01/04/2021
"saldo";"29/04/2021";"SALDO ANTERIOR";;;0;0;01/05/2021
"enfermagem";"03/05/2021";"INT PAG TIT 109006113607";"4175";-471,06;471,06;0;01/05/2021
"condominio";"03/05/2021";"INT PAG TIT 109062715132";"4175";-491,85;491,85;0;01/05/2021
"saque";"03/05/2021";"SAQUE 24H 10893139 02/05";"5086";-100;100;0;01/05/2021
"celular";"03/05/2021";"INT NEXTEL 9499999675466";"4175";-51;51;0;01/05/2021
"celular";"03/05/2021";"INT NEXTEL 9899999675456";"4175";-85;85;0;01/05/2021
"padaria";"03/05/2021";"ELECTRONARIZONA PAE";"9212";-82,48;82,48;0;01/05/2021
"padaria";"03/05/2021";"ELECTRONARIZONA PAE";"9212";-4,03;4,03;0;01/05/2021
"agua";"03/05/2021";"ELECTRONBD";"9212";-11;11;0;01/05/2021
"compras";"03/05/2021";"ELECTRONENG CAETANO";"9212";-19,9;19,9;0;01/05/2021
"frango";"03/05/2021";"ELECTRONPAG*Frigott";"9212";-50;50;0;01/05/2021
"feira";"03/05/2021";"ELECTRONPAG*SidneyD";"9212";-13;13;0;01/05/2021
"farmacia";"03/05/2021";"ELECTRONPROMOFARMA";"9212";-28,09;28,09;0;01/05/2021
"farmacia";"03/05/2021";"ELECTRONPROMOFARMA";"9212";-30,89;30,89;0;01/05/2021
"farmacia";"03/05/2021";"ELECTRONRAIA 47";"9212";-16,99;16,99;0;01/05/2021
"mercado";"03/05/2021";"ELECTRONTRIMAIS II";"9212";-22,8;22,8;0;01/05/2021
"benção";"03/05/2021";"PIX TRANSF  BRUNA R02/05";"9120";-50;50;0;01/05/2021
"seminario";"03/05/2021";"PIX TRANSF  IMW R 303/05";"9779";-255;255;0;01/05/2021
"igreja";"03/05/2021";"PIX TRANSF  IMW 3 R02/05";"9122";-394,33;394,33;0;01/05/2021
"pix";"03/05/2021";"PIX TRANSF  ANDRE N02/05";"9125";3943,38;0;3943,38;01/05/2021
"banco";"03/05/2021";"IOF";;-9,81;9,81;0;01/05/2021
"saldo";"03/05/2021";"SDO CTA/APL AUTOMATICAS";;;0;0;01/05/2021
"compras";"04/05/2021";"ELECTRONPANDYS";"9212";-32;32;0;01/05/2021
"banco";"04/05/2021";"TAR PACOTE ITAU   ABR/21";"9293";-82,9;82,9;0;01/05/2021
"saldo";"04/05/2021";"SDO CTA/APL AUTOMATICAS";;;0;0;01/05/2021
"benção";"05/05/2021";"PIX TRANSF  DILSHAD05/05";"9126";-100;100;0;01/05/2021
"banco";"05/05/2021";"LIS/JUROS     13 DIAS";;-31,58;31,58;0;01/05/2021
"saldo";"05/05/2021";"SDO CTA/APL AUTOMATICAS";;;0;0;01/05/2021
"compras";"06/05/2021";"ELECTRONANTONIO SER";"9212";-65;65;0;01/05/2021
"saldo";"06/05/2021";"SDO CTA/APL AUTOMATICAS";;;0;0;01/05/2021
"cabeleireiro";"07/05/2021";"PIX TRANSF  ALEXAND07/05";"9014";-25;25;0;01/05/2021
"reembolso";"07/05/2021";"PIX TRANSF  GINENUT07/05";"9028";-150;150;0;01/05/2021
"saldo";"07/05/2021";"SDO CTA/APL AUTOMATICAS";;;0;0;01/05/2021
"saque";"10/05/2021";"SAQUE 24H 14793616 09/05";"5086";-100;100;0;01/05/2021
"farmacia";"10/05/2021";"ELECTRONDROGARIA PR";"9212";-55,17;55,17;0;01/05/2021
"compras";"10/05/2021";"ELECTRONRODRIGO MAU";"9212";-2;2;0;01/05/2021
"banco";"10/05/2021";"SEGURO CARTAO";"9293";-6,94;6,94;0;01/05/2021
"saldo";"10/05/2021";"SDO CTA/APL AUTOMATICAS";;;0;0;01/05/2021
"saldo";"11/05/2021";"SDO CTA/APL AUTOMATICAS";;;0;0;01/05/2021
"compras";"12/05/2021";"ELECTRONPAG*MONICAP";"9212";-10;10;0;01/05/2021
"creche";"12/05/2021";"PIX TRANSF  ESPACO 12/05";"9026";-422;422;0;01/05/2021
"doação";"12/05/2021";"DEB AUTOR UNICEF";"9293";-75;75;0;01/05/2021
"saldo";"12/05/2021";"SDO CTA/APL AUTOMATICAS";;;0;0;01/05/2021
"saldo";"13/05/2021";"SDO CTA/APL AUTOMATICAS";;;0;0;01/05/2021
"agua";"14/05/2021";"ELECTRONBD";"9212";-11;11;0;01/05/2021
"compras";"14/05/2021";"ELECTRONPAG*BazarLi";"9212";-28,5;28,5;0;01/05/2021
"compras";"14/05/2021";"ELECTRONPAG*MONICAP";"9212";-12,2;12,2;0;01/05/2021
"saldo";"14/05/2021";"SDO CTA/APL AUTOMATICAS";;;0;0;01/05/2021
"saque";"17/05/2021";"SAQUE 24H 08956930 15/05";"5086";-20;20;0;01/05/2021
"saque";"17/05/2021";"SAQUE 24H 10958403 16/05";"5086";-100;100;0;01/05/2021
"padaria";"17/05/2021";"ELECTRONARIZONA PAE";"9212";-16,4;16,4;0;01/05/2021
"padaria";"17/05/2021";"ELECTRONARIZONA PAE";"9212";-24,66;24,66;0;01/05/2021
"farmacia";"17/05/2021";"ELECTRONDROGARIA PR";"9212";-62,57;62,57;0;01/05/2021
"frango";"17/05/2021";"ELECTRONPAG*Frigott";"9212";-50;50;0;01/05/2021
"pix";"17/05/2021";"PIX TRANSF  BRUNA R16/05";"9327";-50;50;0;01/05/2021
"igreja";"17/05/2021";"PIX TRANSF  IMW 3 R16/05";"9026";-539,2;539,2;0;01/05/2021
"cartão de credito";"17/05/2021";"INT ITAUCARD";"4175";-5527,93;5527,93;0;01/05/2021
"resgate";"17/05/2021";"TBI 9293.22915-0/500";"4175";1000;0;1000;01/05/2021
"pix";"17/05/2021";"PIX TRANSF  ANDRE N16/05";"9028";5392;0;5392;01/05/2021
"saldo";"17/05/2021";"SDO CTA/APL AUTOMATICAS";;;0;0;01/05/2021
"saldo";"18/05/2021";"SDO CTA/APL AUTOMATICAS";;;0;0;01/05/2021
"compras";"19/05/2021";"ELECTRONPAG*MONICAP";"9212";-20,2;20,2;0;01/05/2021
"saldo";"19/05/2021";"SDO CTA/APL AUTOMATICAS";;;0;0;01/05/2021
"saldo";"20/05/2021";"SDO CTA/APL AUTOMATICAS";;;0;0;01/05/2021
"compras";"21/05/2021";"ELECTRONPAG*MariaAp";"9212";-16;16;0;01/05/2021
"compras";"21/05/2021";"ELECTRONPAG*MONICAP";"9212";-14,7;14,7;0;01/05/2021
"saldo";"21/05/2021";"SDO CTA/APL AUTOMATICAS";;;0;0;01/05/2021
"saque";"24/05/2021";"SAQUE 24H 09069402 23/05";"5086";-100;100;0;01/05/2021
"padaria";"24/05/2021";"ELECTRONARIZONA PAE";"9212";-40,32;40,32;0;01/05/2021
"compras";"24/05/2021";"ELECTRONBARRACA DE";"9212";-20;20;0;01/05/2021
"agua";"24/05/2021";"ELECTRONBD";"9212";-11;11;0;01/05/2021
"mercado";"24/05/2021";"ELECTRONMINI MERCAD";"9212";-15;15;0;01/05/2021
"frango";"24/05/2021";"ELECTRONPAG*Frigott";"9212";-50;50;0;01/05/2021
"compras";"24/05/2021";"ELECTRONSONEDA PERF";"9212";-27,9;27,9;0;01/05/2021
"mercado";"24/05/2021";"ELECTRONTRIMAIS II";"9212";-64,72;64,72;0;01/05/2021
"mercado";"24/05/2021";"ELECTRONTRIMAIS II";"9212";-140,24;140,24;0;01/05/2021
"saldo";"24/05/2021";"REND PAGO APLIC AUT MAIS";;0,01;0;0,01;01/05/2021
"saldo";"24/05/2021";"SALDO DO DIA";;;0;0;01/05/2021
"farmacia";"25/05/2021";"ELECTRONFARMACIAS P";"9212";-5,99;5,99;0;01/05/2021
"saldo";"25/05/2021";"SALDO DO DIA";;;0;0;01/05/2021
"compras";"26/05/2021";"ELECTRONPAG*MONICAP";"9212";-16,7;16,7;0;01/05/2021
"saldo";"26/05/2021";"SALDO DO DIA";;;0;0;01/05/2021
"boleto";"28/05/2021";"INT  PAG TIT BANCO 237";"4175";-244,51;244,51;0;01/05/2021
"saldo";"28/05/2021";"ELECTRONPAG*Juliana";"9212";-16,2;16,2;0;01/05/2021
"saldo";"28/05/2021";"SALDO DO DIA";;;0;0;01/05/2021
"padaria";"31/05/2021";"ELECTRONARIZONA PAE";"9212";-29,17;29,17;0;01/05/2021
"farmacia";"31/05/2021";"ELECTRONFARMACIAS P";"9212";-5,99;5,99;0;01/05/2021
"compras";"31/05/2021";"ELECTRONLOJAS AMERI";"9212";-16,98;16,98;0;01/05/2021
"farmacia";"31/05/2021";"ELECTRONPROMOFARMA";"9212";-24,51;24,51;0;01/05/2021
"compras";"31/05/2021";"ELECTRONSONEDA PERF";"9212";-31,25;31,25;0;01/05/2021
"mercado";"31/05/2021";"ELECTRONYINGXUE MA";"9212";-25;25;0;01/05/2021
"mercado";"31/05/2021";"ELECTRONYINGXUE MA";"9212";-12;12;0;01/05/2021
"igreja";"31/05/2021";"PIX TRANSF  IMW 3 R31/05";"9123";-411,12;411,12;0;01/05/2021
"pix";"31/05/2021";"PIX TRANSF  ANDRE N31/05";"9953";4111,2;0;4111,2;01/05/2021
"saldo";"31/05/2021";"SDO CTA/APL AUTOMATICAS";;;0;0;01/05/2021
"saldo";"31/05/2021";"SALDO DO DIA";;;0;0;01/05/2021
"saldo";"31/05/2021";"SALDO ANTERIOR";;;0;0;01/06/2021
"banco";"01/06/2021";"IOF";;-1,02;1,02;0;01/06/2021
"saldo";"01/06/2021";"SDO CTA/APL AUTOMATICAS";;;0;0;01/06/2021
"compras";"02/06/2021";"ELECTRONPAG*Juliana";"9212";-11,5;11,5;0;01/06/2021
"compras";"02/06/2021";"TAR PACOTE ITAU   MAI/21";"9293";-82,9;82,9;0;01/06/2021
"saldo";"02/06/2021";"SDO CTA/APL AUTOMATICAS";;;0;0;01/06/2021
"condominio";"04/06/2021";"INT PAG TIT 109068881029";"4175";-552,32;552,32;0;01/06/2021
"farmacia";"04/06/2021";"ELECTRONFARMACIAS P";"9212";-75,44;75,44;0;01/06/2021
"farmacia";"04/06/2021";"ELECTRONFARMACIAS P";"9212";-7,95;7,95;0;01/06/2021
"compras";"04/06/2021";"ELECTRONPAG*Juliana";"9212";-11,7;11,7;0;01/06/2021
"alimentação";"04/06/2021";"ELECTRONQUITANDA ME";"9212";-6;6;0;01/06/2021
"compras";"04/06/2021";"ELECTRONRICARDO VAS";"9212";-27,21;27,21;0;01/06/2021
"compras";"04/06/2021";"ELECTRONS KOMESU MA";"9212";-9,75;9,75;0;01/06/2021
"mercado";"04/06/2021";"ELECTRONTRIMAIS II";"9212";-132,13;132,13;0;01/06/2021
"pix";"04/06/2021";"PIX TRANSF  ANDRE N04/06";"9028";-100;100;0;01/06/2021
"entrada";"04/06/2021";"PIX TRANSF  Michele04/06";"9028";30;0;30;01/06/2021
"saldo";"04/06/2021";"SDO CTA/APL AUTOMATICAS";;;0;0;01/06/2021
"saque";"07/06/2021";"SAQUE 24H 14050421 06/06";"5086";-100;100;0;01/06/2021
"padaria";"07/06/2021";"ELECTRONARIZONA PAE";"9212";-26,75;26,75;0;01/06/2021
"compras";"07/06/2021";"ELECTRONBD";"9212";-11;11;0;01/06/2021
"compras";"07/06/2021";"ELECTRONCINEMARK TU";"9212";-28;28;0;01/06/2021
"compras";"07/06/2021";"ELECTRONLOJAS AMERI";"9212";-10,99;10,99;0;01/06/2021
"frango";"07/06/2021";"ELECTRONPAG*Frigott";"9212";-50;50;0;01/06/2021
"compras";"07/06/2021";"ELECTRONSHOPPING TU";"9212";-13;13;0;01/06/2021
"mercado";"07/06/2021";"ELECTRONTRIMAIS II";"9212";-190,33;190,33;0;01/06/2021
"saldo";"07/06/2021";"SDO CTA/APL AUTOMATICAS";;;0;0;01/06/2021
"compras";"08/06/2021";"ELECTRONESKALA 112";"9212";-49,98;49,98;0;01/06/2021
"compras";"08/06/2021";"ELECTRONESKALA 112";"9212";-24,99;24,99;0;01/06/2021
"roupa";"08/06/2021";"ELECTRONTORRA TORRA";"9212";-263,93;263,93;0;01/06/2021
"saldo";"08/06/2021";"SDO CTA/APL AUTOMATICAS";;;0;0;01/06/2021
"celular";"09/06/2021";"INT NEXTEL 9799999671486";"4175";-51;51;0;01/06/2021
"compras";"09/06/2021";"ELECTRONPAG*Juliana";"9212";-13,7;13,7;0;01/06/2021
"mercado";"09/06/2021";"ELECTRONSONDA TREME";"9212";-68,48;68,48;0;01/06/2021
"cabeleireiro";"09/06/2021";"PIX TRANSF  ALEXAND09/06";"9136";-25;25;0;01/06/2021
"creche";"09/06/2021";"PIX TRANSF  ESPACO 09/06";"9121";-422;422;0;01/06/2021
"saldo";"09/06/2021";"SDO CTA/APL AUTOMATICAS";;;0;0;01/06/2021
"banco";"10/06/2021";"SEGURO CARTAO";"9293";-6,94;6,94;0;01/06/2021
"saldo";"10/06/2021";"SDO CTA/APL AUTOMATICAS";;;0;0;01/06/2021
"farmacia";"11/06/2021";"ELECTRONPROMOFARMA";"9212";-45,58;45,58;0;01/06/2021
"mercado";"11/06/2021";"ELECTRONTRIMAIS II";"9212";-66,9;66,9;0;01/06/2021
"mercado";"11/06/2021";"ELECTRONTRIMAIS II";"9212";-7,38;7,38;0;01/06/2021
"pix";"11/06/2021";"PIX TRANSF  ANDRE N11/06";"9122";5492;0;5492;01/06/2021
"doação";"11/06/2021";"DEB AUTOR UNICEF";"9293";-75;75;0;01/06/2021
"saldo";"11/06/2021";"SDO CTA/APL AUTOMATICAS";;;0;0;01/06/2021
"enfermagem";"14/06/2021";"TIT PAG TIT ULO ITAU";"4175";-471,06;471,06;0;01/06/2021
"frango";"14/06/2021";"ELECTRONCARLOS REIS";"9212";-26;26;0;01/06/2021
"compras";"14/06/2021";"ELECTRONLANCHONETE";"9212";-5;5;0;01/06/2021
"compras";"14/06/2021";"ELECTRONLEGUMES& VE";"9212";-4;4;0;01/06/2021
"compras";"14/06/2021";"ELECTRONLOJAS AMERI";"9212";-24,97;24,97;0;01/06/2021
"compras";"14/06/2021";"ELECTRONPAG*produto";"9212";-3;3;0;01/06/2021
"compras";"14/06/2021";"ELECTRONPAG*CleberL";"9212";-10;10;0;01/06/2021
"compras";"14/06/2021";"ELECTRONPAG*Cristia";"9212";-6;6;0;01/06/2021
"compras";"14/06/2021";"ELECTRONPAG*DEDECOR";"9212";-5;5;0;01/06/2021
"compras";"14/06/2021";"ELECTRONPAG*Geraldo";"9212";-32;32;0;01/06/2021
"compras";"14/06/2021";"ELECTRONPAG*Henriqu";"9212";-3;3;0;01/06/2021
"compras";"14/06/2021";"ELECTRONPAG*JURACIA";"9212";-10;10;0;01/06/2021
"compras";"14/06/2021";"ELECTRONPAG*WaldirN";"9212";-5;5;0;01/06/2021
"farmacia";"14/06/2021";"ELECTRONPROMOFARMA";"9212";-19,9;19,9;0;01/06/2021
"compras";"14/06/2021";"ELECTRONSODIMAC";"9212";-15,9;15,9;0;01/06/2021
"compras";"14/06/2021";"ELECTRONSODIMAC";"9212";-21,89;21,89;0;01/06/2021
"mercado";"14/06/2021";"ELECTRONTRIMAIS II";"9212";-197,51;197,51;0;01/06/2021
"igreja";"14/06/2021";"PIX TRANSF  IMW 3 R12/06";"9779";-549,2;549,2;0;01/06/2021
"cartão de credito";"14/06/2021";"INT ITAUCARD";"4175";-4000;4000;0;01/06/2021
"saldo";"14/06/2021";"REND PAGO APLIC AUT MAIS";;0,01;0;0,01;01/06/2021
"saldo";"14/06/2021";"SDO CTA/APL AUTOMATICAS";;;0;0;01/06/2021
"padaria";"15/06/2021";"ELECTRONARIZONA PAE";"9212";-12,56;12,56;0;01/06/2021
"saldo";"15/06/2021";"SDO CTA/APL AUTOMATICAS";;;0;0;01/06/2021
"compras";"16/06/2021";"ELECTRONPAG*Juliana";"9212";-24,7;24,7;0;01/06/2021
"mercado";"16/06/2021";"ELECTRONTRIMAIS II";"9212";-112,71;112,71;0;01/06/2021
"saldo";"16/06/2021";"SDO CTA/APL AUTOMATICAS";;;0;0;01/06/2021
"celular";"17/06/2021";"INT NEXTEL 9499999671486";"4175";-85;85;0;01/06/2021
"padaria";"17/06/2021";"ELECTRONARIZONA PAE";"9212";-4,21;4,21;0;01/06/2021
"farmacia";"17/06/2021";"ELECTRONDROGARIA PR";"9212";-43,98;43,98;0;01/06/2021
"farmacia";"17/06/2021";"ELECTRONPROMOFARMA";"9212";-9,98;9,98;0;01/06/2021
"mercado";"17/06/2021";"ELECTRONTRIMAIS II";"9212";-22,89;22,89;0;01/06/2021
"mercado";"17/06/2021";"ELECTRONTRIMAIS II";"9212";-157,53;157,53;0;01/06/2021
"compras";"17/06/2021";"SAQUE S/CARTAO 24H060890";"5086";-20;20;0;01/06/2021
"saldo";"17/06/2021";"SDO CTA/APL AUTOMATICAS";;;0;0;01/06/2021
"padaria";"18/06/2021";"ELECTRONARIZONA PAE";"9212";-24,71;24,71;0;01/06/2021
"compras";"18/06/2021";"ELECTRONPAG*Juliana";"9212";-14,7;14,7;0;01/06/2021
"igreja";"18/06/2021";"PIX TRANSF  HELENIC18/06";"9773";-178,33;178,33;0;01/06/2021
"saldo";"18/06/2021";"SDO CTA/APL AUTOMATICAS";;;0;0;01/06/2021
"saque";"21/06/2021";"SAQUE 24H 11286911 20/06";"5086";-100;100;0;01/06/2021
"compras";"21/06/2021";"ELECTRONBD";"9212";-11;11;0;01/06/2021
"compras";"21/06/2021";"ELECTRONCACAU SHOW";"9212";-10;10;0;01/06/2021
"frango";"21/06/2021";"ELECTRONPAG*Frigott";"9212";-100;100;0;01/06/2021
"compras";"21/06/2021";"ELECTRONPAG*OsneiSa";"9212";-4;4;0;01/06/2021
"farmacia";"21/06/2021";"ELECTRONPROMOFARMA";"9212";-51,69;51,69;0;01/06/2021
"mercado";"21/06/2021";"ELECTRONSONDA JACAN";"9212";-73,8;73,8;0;01/06/2021
"mercado";"21/06/2021";"ELECTRONTRIMAIS II";"9212";-140,75;140,75;0;01/06/2021
"saldo";"21/06/2021";"SALDO DO DIA";;;0;0;01/06/2021
"compras";"22/06/2021";"DEB AUTOR AZUL CIA SEG";"9293";-238,78;238,78;0;01/06/2021
"saldo";"22/06/2021";"SALDO DO DIA";;;0;0;01/06/2021
"alimentação";"23/06/2021";"ELECTRONMC DONALDS";"9212";-29,6;29,6;0;01/06/2021
"compras";"23/06/2021";"ELECTRONPAG*Juliana";"9212";-14,2;14,2;0;01/06/2021
"mercado";"23/06/2021";"ELECTRONTRIMAIS II";"9212";-72,92;72,92;0;01/06/2021
"saldo";"23/06/2021";"SALDO DO DIA";;;0;0;01/06/2021
"compras";"24/06/2021";"ELECTRONA PREFERIDA";"9212";-32,89;32,89;0;01/06/2021
"padaria";"24/06/2021";"ELECTRONARIZONA PAE";"9212";-36,84;36,84;0;01/06/2021
"gasolina";"24/06/2021";"ELECTRONAUTO POSTO";"9212";-9,98;9,98;0;01/06/2021
"mercado";"24/06/2021";"ELECTRONTRIMAIS II";"9212";-135,25;135,25;0;01/06/2021
"lazer";"24/06/2021";"PIX TRANSF  OPIUM M24/06";"9014";-100;100;0;01/06/2021
"lazer";"24/06/2021";"PIX TRANSF  OPIUM M24/06";"9132";-678;678;0;01/06/2021
"saldo";"24/06/2021";"SALDO DO DIA";;;0;0;01/06/2021
"saque";"25/06/2021";"SAQUE 24H 08140386";"5086";-50;50;0;01/06/2021
"compras";"25/06/2021";"ELECTRONBRAZ LEME";"9212";-30,8;30,8;0;01/06/2021
"compras";"25/06/2021";"ELECTRONPAG*MONICAP";"9212";-14,7;14,7;0;01/06/2021
"farmacia";"25/06/2021";"ELECTRONRAIA 47";"9212";-21,05;21,05;0;01/06/2021
"farmacia";"25/06/2021";"ELECTRONRAIA 47";"9212";-65,99;65,99;0;01/06/2021
"compras";"25/06/2021";"ELECTRONSONEDA PERF";"9212";-36,18;36,18;0;01/06/2021
"mercado";"25/06/2021";"ELECTRONTRIMAIS II";"9212";-16,48;16,48;0;01/06/2021
"mercado";"25/06/2021";"ELECTRONTRIMAIS II";"9212";-118,11;118,11;0;01/06/2021
"mercado";"25/06/2021";"ELECTRONYINGXUE MA";"9212";-13;13;0;01/06/2021
"lazer";"25/06/2021";"PIX TRANSF  OPIUM M25/06";"9128";-148;148;0;01/06/2021
"saldo";"25/06/2021";"SALDO DO DIA";;;0;0;01/06/2021
"compras";"28/06/2021";"ELECTRONBD";"9212";-11;11;0;01/06/2021
"compras";"28/06/2021";"ELECTRONCB CONCEITO";"9212";-264,04;264,04;0;01/06/2021
"compras";"28/06/2021";"ELECTRONFINI";"9212";-14,77;14,77;0;01/06/2021
"alimentação";"28/06/2021";"ELECTRONHABIBS";"9212";-46,9;46,9;0;01/06/2021
"compras";"28/06/2021";"ELECTRONKRAFT";"9212";-24;24;0;01/06/2021
"mercado";"28/06/2021";"ELECTRONTRIMAIS II";"9212";-49,86;49,86;0;01/06/2021
"pix";"28/06/2021";"PIX TRANSF  MANOEL 27/06";"9327";-7;7;0;01/06/2021
"saldo";"28/06/2021";"SALDO DO DIA";;;0;0;01/06/2021
"poupança";"30/06/2021";"TBI 9293.22915-0/500";"4175";-5000;5000;0;01/06/2021
"compras";"30/06/2021";"INT DARF319977560211";"4175";-442,19;442,19;0;01/06/2021
"padaria";"30/06/2021";"ELECTRONARIZONA PAE";"9212";-42,73;42,73;0;01/06/2021
"igreja";"30/06/2021";"PIX TRANSF  IMW 3 R30/06";"9129";-1095;1095;0;01/06/2021
"pix";"30/06/2021";"PIX TRANSF  ANDRE N30/06";"9122";10950,42;0;10950,42;01/06/2021
"saldo";"30/06/2021";"SDO CTA/APL AUTOMATICAS";;;0;0;01/06/2021
"saldo";"30/06/2021";"SALDO DO DIA";;;0;0;01/06/2021
"saldo";"30/06/2021";"SALDO ANTERIOR";;;0;0;01/07/2021
"compras";"01/07/2021";"ELECTRONKAMIA";"9212";-3;3;0;01/07/2021
"compras";"01/07/2021";"ELECTRONPAG*Marcelo";"9212";-5;5;0;01/07/2021
"compras";"01/07/2021";"ELECTRONPAG*NelsonD";"9212";-16;16;0;01/07/2021
"pix";"01/07/2021";"PIX TRANSF  MARIO A01/07";"9127";-140;140;0;01/07/2021
"saldo";"01/07/2021";"SDO CTA/APL AUTOMATICAS";;;0;0;01/07/2021
"banco";"02/07/2021";"IOF";;-11,27;11,27;0;01/07/2021
"poupança";"02/07/2021";"TBI 9293.22915-0/500";"4175";-14000;14000;0;01/07/2021
"pix";"02/07/2021";"PIX TRANSF  ANDRE N02/07";"9953";14600;0;14600;01/07/2021
"compras";"02/07/2021";"TAR PACOTE ITAU   JUN/21";"9293";-82,9;82,9;0;01/07/2021
"saldo";"02/07/2021";"SDO CTA/APL AUTOMATICAS";;;0;0;01/07/2021
"compras";"05/07/2021";"ELECTRONA PREFERIDA";"9212";-4,49;4,49;0;01/07/2021
"padaria";"05/07/2021";"ELECTRONARIZONA PAE";"9212";-32,25;32,25;0;01/07/2021
"compras";"05/07/2021";"ELECTRONBD";"9212";-11;11;0;01/07/2021
"compras";"05/07/2021";"ELECTRONCHINEN BOX";"9212";-12,47;12,47;0;01/07/2021
"compras";"05/07/2021";"ELECTRONCLAUDIO FEI";"9212";-9;9;0;01/07/2021
"compras";"05/07/2021";"ELECTRONDIEGO GABRI";"9212";-40;40;0;01/07/2021
"farmacia";"05/07/2021";"ELECTRONDROGARIA PR";"9212";-18,99;18,99;0;01/07/2021
"farmacia";"05/07/2021";"ELECTRONFARMACIAS P";"9212";-6,99;6,99;0;01/07/2021
"compras";"05/07/2021";"ELECTRONJULIO   VIV";"9212";-5;5;0;01/07/2021
"compras";"05/07/2021";"ELECTRONLEGUMES& VE";"9212";-5;5;0;01/07/2021
"compras";"05/07/2021";"ELECTRONMANOEL FERR";"9212";-3;3;0;01/07/2021
"compras";"05/07/2021";"ELECTRONNOVA BRUXEL";"9212";-72;72;0;01/07/2021
"compras";"05/07/2021";"ELECTRONPAG*EmilySa";"9212";-6;6;0;01/07/2021
"compras";"05/07/2021";"ELECTRONPAG*Patrici";"9212";-40;40;0;01/07/2021
"compras";"05/07/2021";"ELECTRONPAG*Yasuich";"9212";-14;14;0;01/07/2021
"compras";"05/07/2021";"ELECTRONRGR MODAS";"9212";-60;60;0;01/07/2021
"compras";"05/07/2021";"ELECTRONSILVIO NAKA";"9212";-107,97;107,97;0;01/07/2021
"compras";"05/07/2021";"ELECTRONTOP EMBALAG";"9212";-4,8;4,8;0;01/07/2021
"mercado";"05/07/2021";"ELECTRONTRIMAIS II";"9212";-153,35;153,35;0;01/07/2021
"mercado";"05/07/2021";"ELECTRONTRIMAIS II";"9212";-225,16;225,16;0;01/07/2021
"compras";"05/07/2021";"DA  NEXTEL TELECOM 72411";"9293";-85;85;0;01/07/2021
"saldo";"05/07/2021";"SDO CTA/APL AUTOMATICAS";;;0;0;01/07/2021
"enfermagem";"06/07/2021";"INT PAG TIT 109006203499";"4175";-471,05;471,05;0;01/07/2021
"compras";"06/07/2021";"ELECTRONMEGA SHOW T";"9212";-52;52;0;01/07/2021
"farmacia";"06/07/2021";"ELECTRONPROMOFARMA";"9212";-35,89;35,89;0;01/07/2021
"mercado";"06/07/2021";"ELECTRONTRIMAIS II";"9212";-118,31;118,31;0;01/07/2021
"saldo";"06/07/2021";"SDO CTA/APL AUTOMATICAS";;;0;0;01/07/2021
"compras";"07/07/2021";"ELECTRONANNE COMERC";"9212";-27;27;0;01/07/2021
"compras";"07/07/2021";"ELECTRONESTACAO LIN";"9212";-4,9;4,9;0;01/07/2021
"compras";"07/07/2021";"ELECTRONINGRALEX KI";"9212";-41;41;0;01/07/2021
"compras";"07/07/2021";"ELECTRONJAQUELINE A";"9212";-50;50;0;01/07/2021
"compras";"07/07/2021";"ELECTRONLUCILENE SO";"9212";-6;6;0;01/07/2021
"compras";"07/07/2021";"ELECTRONPAG*bancado";"9212";-42;42;0;01/07/2021
"compras";"07/07/2021";"ELECTRONPAG*AlexPer";"9212";-40;40;0;01/07/2021
"compras";"07/07/2021";"ELECTRONPAG*Katani";"9212";-47;47;0;01/07/2021
"compras";"07/07/2021";"ELECTRONPAG*Renaldo";"9212";-15;15;0;01/07/2021
"compras";"07/07/2021";"ELECTRONPAG*YanyiQi";"9212";-44;44;0;01/07/2021
"compras";"07/07/2021";"ELECTRONYOYOMINI PR";"9212";-14,97;14,97;0;01/07/2021
"compras";"07/07/2021";"ELECTRONYOYOMINI PR";"9212";-5,99;5,99;0;01/07/2021
"saldo";"07/07/2021";"SDO CTA/APL AUTOMATICAS";;;0;0;01/07/2021
"condominio";"08/07/2021";"INT PAG TIT 109075349218";"4175";-546,08;546,08;0;01/07/2021
"alimentação";"08/07/2021";"ELECTRONCASA BALDUC";"9212";-13,9;13,9;0;01/07/2021
"alimentação";"08/07/2021";"ELECTRONCASA BALDUC";"9212";-28,8;28,8;0;01/07/2021
"alimentação";"08/07/2021";"ELECTRONMC DONALDS";"9212";-38,8;38,8;0;01/07/2021
"compras";"08/07/2021";"ELECTRONRIACHUELO-F";"9212";-179,7;179,7;0;01/07/2021
"compras";"08/07/2021";"ELECTRONS KOMESU MA";"9212";-15,45;15,45;0;01/07/2021
"compras";"08/07/2021";"ELECTRONSACARIA MAL";"9212";-28,6;28,6;0;01/07/2021
"alimentação";"08/07/2021";"ELECTRONSUCOECIA";"9212";-3,5;3,5;0;01/07/2021
"alimentação";"08/07/2021";"ELECTRONSUCOECIA";"9212";-9;9;0;01/07/2021
"cabeleireiro";"08/07/2021";"PIX TRANSF  Alexand08/07";"9136";-25;25;0;01/07/2021
"resgate";"08/07/2021";"TBI 9293.22915-0/500";"4175";1591,52;0;1591,52;01/07/2021
"saldo";"08/07/2021";"SDO CTA/APL AUTOMATICAS";;;0;0;01/07/2021
"saque";"12/07/2021";"SAQUE 24H 10873537 11/07";"5086";-100;100;0;01/07/2021
"celular";"12/07/2021";"INT NEXTEL 9199999667644";"4175";-51;51;0;01/07/2021
"padaria";"12/07/2021";"ELECTRONARIZONA PAE";"9212";-27,28;27,28;0;01/07/2021
"compras";"12/07/2021";"ELECTRONMARCIO ANTO";"9212";-45;45;0;01/07/2021
"frango";"12/07/2021";"ELECTRONPAG*Frigott";"9212";-52;52;0;01/07/2021
"farmacia";"12/07/2021";"ELECTRONPROMOFARMA";"9212";-62,99;62,99;0;01/07/2021
"farmacia";"12/07/2021";"ELECTRONPROMOFARMA";"9212";-20,18;20,18;0;01/07/2021
"compras";"12/07/2021";"ELECTRONSONEDA PERF";"9212";-6,2;6,2;0;01/07/2021
"mercado";"12/07/2021";"ELECTRONTRIMAIS II";"9212";-28,9;28,9;0;01/07/2021
"mercado";"12/07/2021";"ELECTRONTRIMAIS II";"9212";-2,59;2,59;0;01/07/2021
"mercado";"12/07/2021";"ELECTRONTRIMAIS II";"9212";-39,4;39,4;0;01/07/2021
"mercado";"12/07/2021";"ELECTRONTRIMAIS II";"9212";-54,31;54,31;0;01/07/2021
"mercado";"12/07/2021";"ELECTRONTRIMAIS II";"9212";-45,26;45,26;0;01/07/2021
"compras";"12/07/2021";"ELECTRONYINGXUE MA";"9212";-24;24;0;01/07/2021
"compras";"12/07/2021";"ELECTRONYINGXUE MA";"9212";-34;34;0;01/07/2021
"carro";"12/07/2021";"PIX TRANSF  ALDAIR 10/07";"9126";-25;25;0;01/07/2021
"banco";"12/07/2021";"SEGURO CARTAO";"9293";-6,94;6,94;0;01/07/2021
"benção";"12/07/2021";"DEB AUTOR UNICEF";"9293";-75;75;0;01/07/2021
"saldo";"12/07/2021";"SDO CTA/APL AUTOMATICAS";;;0;0;01/07/2021
"padaria";"13/07/2021";"ELECTRONPADARIA PAL";"9212";-2;2;0;01/07/2021
"saldo";"13/07/2021";"SDO CTA/APL AUTOMATICAS";;;0;0;01/07/2021
"saque";"14/07/2021";"SAQUE 24H 00792325";"5086";-300;300;0;01/07/2021
"compras";"14/07/2021";"ELECTRONGEMMISAN CO";"9212";-15;15;0;01/07/2021
"compras";"14/07/2021";"ELECTRONKALUNGA NOV";"9212";-9,4;9,4;0;01/07/2021
"compras";"14/07/2021";"ELECTRONKALUNGA NOV";"9212";-4,7;4,7;0;01/07/2021
"alimentação";"14/07/2021";"ELECTRONMC DONALDS";"9212";-29,3;29,3;0;01/07/2021
"alimentação";"14/07/2021";"ELECTRONPOLLY EMPOR";"9212";-1,5;1,5;0;01/07/2021
"farmacia";"14/07/2021";"ELECTRONPROMO FARMA";"9212";-5,29;5,29;0;01/07/2021
"farmacia";"14/07/2021";"ELECTRONPROMOFARMA";"9212";-39,42;39,42;0;01/07/2021
"compras";"14/07/2021";"ELECTRONVICTOR MORE";"9212";-49,9;49,9;0;01/07/2021
"internet";"14/07/2021";"PIX TRANSF  ELIZABE14/07";"9126";-200;200;0;01/07/2021
"creche";"14/07/2021";"PIX TRANSF  ESPACO 14/07";"9123";-462;462;0;01/07/2021
"podologa";"14/07/2021";"PIX TRANSF  Vanessa14/07";"9128";-90;90;0;01/07/2021
"saldo";"14/07/2021";"SALDO DO DIA";;;0;0;01/07/2021
"compras";"15/07/2021";"ELECTRONMARCO MACIE";"9212";-18;18;0;01/07/2021
"compras";"15/07/2021";"ELECTRONRODOSNACK R";"9212";-13,5;13,5;0;01/07/2021
"saldo";"15/07/2021";"SALDO DO DIA";;;0;0;01/07/2021
"passeio";"16/07/2021";"SAQUE 24H 01675115";"5086";-250;250;0;01/07/2021
"saldo";"16/07/2021";"SALDO DO DIA";;;0;0;01/07/2021
"compras";"17/07/2021";"ELECTRONCONVENIENCI";"6509";-2;2;0;01/07/2021
"compras";"17/07/2021";"ELECTRONCONVENIENCI";"6509";-5;5;0;01/07/2021
"saldo";"17/07/2021";"SALDO DO DIA";;;0;0;01/07/2021
"cartão de credito";"19/07/2021";"INT ITAUCARD";"4175";-5001,27;5001,27;0;01/07/2021
"saldo";"19/07/2021";"SALDO DO DIA";;;;;
